Race,Driver,LapNumber,Stint,Compound,TyreLife,Normalized_TyreLife,LapTime_Sec,Position,GapToAhead_Sec,GapToBehind_Sec,TrackTemp_C,AirTemp_C,IsPitInLap,PitNextLap
Bahrain Grand Prix,VER,1,1,SOFT,1,0.0286,90.238,11,4.398,3.205,40.6,20.2,0,0
Bahrain Grand Prix,VER,2,1,SOFT,2,0.0571,90.516,2,3.749,4.723,30.0,29.9,0,0
Bahrain Grand Prix,VER,3,1,SOFT,3,0.0857,90.993,12,0.604,2.861,36.0,20.5,0,0
Bahrain Grand Prix,VER,4,1,SOFT,4,0.1143,91.092,16,1.547,0.908,39.3,23.8,0,0
Bahrain Grand Prix,VER,5,1,SOFT,5,0.1429,90.781,5,3.234,1.267,31.0,29.5,0,0
Bahrain Grand Prix,VER,6,1,SOFT,6,0.1714,90.956,14,4.138,1.871,31.5,26.8,0,0
Bahrain Grand Prix,VER,7,1,SOFT,7,0.2,90.692,8,0.655,4.592,33.9,26.6,0,0
Bahrain Grand Prix,VER,8,1,SOFT,8,0.2286,90.987,2,2.413,1.436,38.5,20.3,0,0
Bahrain Grand Prix,VER,9,1,SOFT,9,0.2571,91.063,10,4.527,3.191,43.8,20.9,0,0
Bahrain Grand Prix,VER,10,1,SOFT,10,0.2857,91.488,8,4.3,3.863,38.1,25.9,0,0
Bahrain Grand Prix,VER,11,1,SOFT,11,0.3143,91.292,13,1.134,4.11,31.1,29.9,0,0
Bahrain Grand Prix,VER,12,1,SOFT,12,0.3429,91.452,1,1.394,0.525,42.2,27.1,0,0
Bahrain Grand Prix,VER,13,1,SOFT,13,0.3714,91.651,5,4.668,3.43,43.7,28.5,0,0
Bahrain Grand Prix,VER,14,1,SOFT,14,0.4,91.696,12,1.989,0.786,34.7,23.3,0,0
Bahrain Grand Prix,VER,15,1,SOFT,15,0.4286,91.791,3,2.625,1.038,40.7,27.6,0,0
Bahrain Grand Prix,VER,16,1,SOFT,16,0.4571,92.006,14,2.722,2.852,36.4,20.3,0,0
Bahrain Grand Prix,VER,17,1,SOFT,17,0.4857,91.393,4,4.584,1.622,36.2,27.6,0,1
Bahrain Grand Prix,VER,18,1,SOFT,18,0.5143,92.088,4,4.743,3.195,40.4,28.8,1,0
Bahrain Grand Prix,VER,19,2,HARD,1,0.0286,90.901,6,2.554,1.483,36.2,28.8,0,0
Bahrain Grand Prix,VER,20,2,HARD,2,0.0571,91.571,7,4.581,1.725,39.7,20.0,0,0
Bahrain Grand Prix,VER,21,2,HARD,3,0.0857,91.09,6,2.798,2.378,33.3,21.2,0,0
Bahrain Grand Prix,VER,22,2,HARD,4,0.1143,91.253,12,1.599,1.257,33.3,25.6,0,0
Bahrain Grand Prix,VER,23,2,HARD,5,0.1429,91.422,12,1.633,2.738,34.5,22.8,0,0
Bahrain Grand Prix,VER,24,2,HARD,6,0.1714,91.631,17,1.701,4.895,36.2,20.3,0,0
Bahrain Grand Prix,VER,25,2,HARD,7,0.2,92.057,2,2.889,2.515,38.3,25.9,0,0
Bahrain Grand Prix,VER,26,2,HARD,8,0.2286,91.471,11,2.163,1.59,42.0,24.7,0,0
Bahrain Grand Prix,VER,27,2,HARD,9,0.2571,91.896,16,4.093,1.178,37.6,27.0,0,0
Bahrain Grand Prix,VER,28,2,HARD,10,0.2857,92.042,3,3.159,3.549,30.2,25.1,0,0
Bahrain Grand Prix,VER,29,2,HARD,11,0.3143,92.23,9,3.609,2.24,44.1,21.4,0,0
Bahrain Grand Prix,VER,30,2,HARD,12,0.3429,91.842,18,4.661,4.448,33.9,26.6,0,0
Bahrain Grand Prix,VER,31,2,HARD,13,0.3714,92.284,17,1.588,0.919,43.5,29.0,0,0
Bahrain Grand Prix,VER,32,2,HARD,14,0.4,92.634,9,1.755,3.652,42.7,28.6,0,0
Bahrain Grand Prix,VER,33,2,HARD,15,0.4286,92.618,11,4.71,4.034,40.0,25.8,0,0
Bahrain Grand Prix,VER,34,2,HARD,16,0.4571,92.411,16,0.957,3.486,30.1,21.6,0,0
Bahrain Grand Prix,VER,35,2,HARD,17,0.4857,93.014,16,4.975,1.292,30.3,24.9,0,0
Bahrain Grand Prix,VER,36,2,HARD,18,0.5143,92.746,16,3.859,3.423,42.7,26.6,0,0
Bahrain Grand Prix,VER,37,2,HARD,19,0.5429,92.49,19,3.363,1.627,38.8,29.8,0,0
Bahrain Grand Prix,VER,38,2,HARD,20,0.5714,92.824,19,4.514,3.34,41.9,25.0,0,1
Bahrain Grand Prix,VER,39,2,HARD,21,0.6,92.801,5,1.536,2.746,38.6,27.7,1,0
Bahrain Grand Prix,VER,40,3,MEDIUM,1,0.0286,91.547,17,4.975,2.615,34.2,28.8,0,0
Bahrain Grand Prix,VER,41,3,MEDIUM,2,0.0571,91.099,3,4.911,0.839,34.6,21.9,0,0
Bahrain Grand Prix,VER,42,3,MEDIUM,3,0.0857,90.541,1,1.926,1.263,38.4,29.4,0,0
Bahrain Grand Prix,VER,43,3,MEDIUM,4,0.1143,91.265,18,3.268,4.955,32.1,25.2,0,0
Bahrain Grand Prix,VER,44,3,MEDIUM,5,0.1429,91.628,2,1.951,4.319,32.0,27.1,0,0
Bahrain Grand Prix,VER,45,3,MEDIUM,6,0.1714,90.817,3,1.653,3.252,31.2,20.1,0,0
Bahrain Grand Prix,VER,46,3,MEDIUM,7,0.2,91.464,4,4.092,3.425,40.5,28.0,0,0
Bahrain Grand Prix,VER,47,3,MEDIUM,8,0.2286,91.349,2,0.923,3.102,30.5,24.7,0,0
Bahrain Grand Prix,VER,48,3,MEDIUM,9,0.2571,91.697,17,0.668,4.202,35.4,21.3,0,0
Bahrain Grand Prix,VER,49,3,MEDIUM,10,0.2857,91.977,12,4.844,2.558,42.6,21.9,0,0
Bahrain Grand Prix,VER,50,3,MEDIUM,11,0.3143,91.7,15,3.648,1.123,32.0,29.7,0,0
Bahrain Grand Prix,VER,51,3,MEDIUM,12,0.3429,91.42,5,1.33,0.864,36.4,26.9,0,0
Bahrain Grand Prix,VER,52,3,MEDIUM,13,0.3714,91.33,1,1.28,1.204,33.8,25.5,0,0
Bahrain Grand Prix,VER,53,3,MEDIUM,14,0.4,92.144,1,4.797,3.821,38.3,26.1,0,0
Bahrain Grand Prix,VER,54,3,MEDIUM,15,0.4286,92.304,3,1.615,2.102,41.4,20.1,0,0
Bahrain Grand Prix,VER,55,3,MEDIUM,16,0.4571,92.008,16,4.131,2.058,37.0,26.5,0,0
Bahrain Grand Prix,VER,56,3,MEDIUM,17,0.4857,92.615,10,4.771,4.49,33.9,20.2,0,0
Bahrain Grand Prix,HAM,1,1,MEDIUM,1,0.0286,91.064,12,2.247,3.395,36.9,25.5,0,0
Bahrain Grand Prix,HAM,2,1,MEDIUM,2,0.0571,91.21,5,3.317,4.192,39.8,22.1,0,0
Bahrain Grand Prix,HAM,3,1,MEDIUM,3,0.0857,91.054,14,0.582,0.925,40.2,20.7,0,0
Bahrain Grand Prix,HAM,4,1,MEDIUM,4,0.1143,91.18,8,2.234,3.567,35.1,22.6,0,0
Bahrain Grand Prix,HAM,5,1,MEDIUM,5,0.1429,91.923,18,3.33,4.449,41.0,28.0,0,0
Bahrain Grand Prix,HAM,6,1,MEDIUM,6,0.1714,91.505,4,1.298,3.878,42.1,29.9,0,0
Bahrain Grand Prix,HAM,7,1,MEDIUM,7,0.2,91.148,7,3.112,4.402,38.4,22.4,0,0
Bahrain Grand Prix,HAM,8,1,MEDIUM,8,0.2286,91.37,13,3.83,1.572,35.7,25.3,0,0
Bahrain Grand Prix,HAM,9,1,MEDIUM,9,0.2571,91.141,13,4.53,2.251,30.2,29.1,0,0
Bahrain Grand Prix,HAM,10,1,MEDIUM,10,0.2857,91.816,12,2.097,4.806,40.2,24.8,0,0
Bahrain Grand Prix,HAM,11,1,MEDIUM,11,0.3143,91.701,5,1.819,1.979,40.1,27.5,0,0
Bahrain Grand Prix,HAM,12,1,MEDIUM,12,0.3429,91.991,16,4.053,0.91,37.4,20.6,0,0
Bahrain Grand Prix,HAM,13,1,MEDIUM,13,0.3714,91.552,11,3.676,4.859,40.3,28.4,0,0
Bahrain Grand Prix,HAM,14,1,MEDIUM,14,0.4,92.597,17,0.955,0.878,40.5,20.7,0,0
Bahrain Grand Prix,HAM,15,1,MEDIUM,15,0.4286,92.375,5,2.81,1.55,38.7,28.6,0,0
Bahrain Grand Prix,HAM,16,1,MEDIUM,16,0.4571,92.533,17,4.763,4.937,41.3,23.8,0,0
Bahrain Grand Prix,HAM,17,1,MEDIUM,17,0.4857,91.886,19,1.0,2.717,30.2,24.7,0,1
Bahrain Grand Prix,HAM,18,1,MEDIUM,18,0.5143,92.867,8,1.029,3.421,41.2,25.8,1,0
Bahrain Grand Prix,HAM,19,2,HARD,1,0.0286,91.488,17,0.873,2.878,36.5,28.0,0,0
Bahrain Grand Prix,HAM,20,2,HARD,2,0.0571,91.695,13,4.864,0.694,43.4,25.3,0,0
Bahrain Grand Prix,HAM,21,2,HARD,3,0.0857,91.793,18,1.248,1.476,34.4,30.0,0,0
Bahrain Grand Prix,HAM,22,2,HARD,4,0.1143,91.768,3,4.555,0.705,34.2,29.5,0,0
Bahrain Grand Prix,HAM,23,2,HARD,5,0.1429,91.807,8,1.264,3.411,35.8,22.3,0,0
Bahrain Grand Prix,HAM,24,2,HARD,6,0.1714,92.159,5,4.885,4.938,40.5,25.4,0,0
Bahrain Grand Prix,HAM,25,2,HARD,7,0.2,92.232,16,1.232,4.599,42.3,29.5,0,0
Bahrain Grand Prix,HAM,26,2,HARD,8,0.2286,91.931,5,3.26,2.382,44.0,28.7,0,0
Bahrain Grand Prix,HAM,27,2,HARD,9,0.2571,92.45,15,1.177,3.174,35.7,29.7,0,0
Bahrain Grand Prix,HAM,28,2,HARD,10,0.2857,92.117,17,4.272,2.609,36.2,22.7,0,0
Bahrain Grand Prix,HAM,29,2,HARD,11,0.3143,92.316,5,3.768,3.907,35.7,22.4,0,0
Bahrain Grand Prix,HAM,30,2,HARD,12,0.3429,92.407,9,1.081,4.793,39.1,22.3,0,0
Bahrain Grand Prix,HAM,31,2,HARD,13,0.3714,92.74,8,0.6,2.742,37.1,28.3,0,0
Bahrain Grand Prix,HAM,32,2,HARD,14,0.4,92.94,18,4.335,2.984,38.4,28.8,0,0
Bahrain Grand Prix,HAM,33,2,HARD,15,0.4286,92.38,15,2.392,4.031,39.6,28.1,0,0
Bahrain Grand Prix,HAM,34,2,HARD,16,0.4571,92.648,7,1.114,0.565,35.3,25.9,0,0
Bahrain Grand Prix,HAM,35,2,HARD,17,0.4857,92.499,2,2.067,2.813,41.8,24.0,0,0
Bahrain Grand Prix,HAM,36,2,HARD,18,0.5143,92.365,10,4.381,4.773,32.2,29.3,0,0
Bahrain Grand Prix,HAM,37,2,HARD,19,0.5429,92.529,5,4.91,2.717,34.9,26.3,0,0
Bahrain Grand Prix,HAM,38,2,HARD,20,0.5714,93.021,16,2.037,2.918,36.9,25.8,0,0
Bahrain Grand Prix,HAM,39,2,HARD,21,0.6,93.518,4,1.318,2.056,43.5,24.7,0,0
Bahrain Grand Prix,HAM,40,2,HARD,22,0.6286,92.992,18,3.209,1.507,42.3,23.5,0,0
Bahrain Grand Prix,HAM,41,2,HARD,23,0.6571,93.216,6,1.043,2.574,33.1,23.6,0,0
Bahrain Grand Prix,HAM,42,2,HARD,24,0.6857,93.336,14,1.985,1.947,31.4,24.8,0,0
Bahrain Grand Prix,HAM,43,2,HARD,25,0.7143,93.465,11,4.644,0.775,34.2,28.1,0,0
Bahrain Grand Prix,HAM,44,2,HARD,26,0.7429,94.008,17,3.188,4.938,38.0,29.2,0,0
Bahrain Grand Prix,HAM,45,2,HARD,27,0.7714,93.787,14,2.581,3.864,30.6,22.5,0,0
Bahrain Grand Prix,HAM,46,2,HARD,28,0.8,93.48,7,3.592,4.3,41.2,20.3,0,0
Bahrain Grand Prix,HAM,47,2,HARD,29,0.8286,93.665,19,1.591,1.712,35.7,20.2,0,0
Bahrain Grand Prix,HAM,48,2,HARD,30,0.8571,94.06,17,1.452,1.974,31.8,28.9,0,0
Bahrain Grand Prix,HAM,49,2,HARD,31,0.8857,94.337,3,3.42,2.658,38.8,27.4,0,0
Bahrain Grand Prix,HAM,50,2,HARD,32,0.9143,94.215,15,3.854,2.442,31.9,22.8,0,0
Bahrain Grand Prix,HAM,51,2,HARD,33,0.9429,94.424,2,1.6,2.742,35.0,29.3,0,0
Bahrain Grand Prix,HAM,52,2,HARD,34,0.9714,93.827,6,2.144,2.695,42.8,20.9,0,0
Bahrain Grand Prix,LEC,1,1,SOFT,1,0.0286,87.775,4,4.988,4.535,38.6,29.2,0,0
Bahrain Grand Prix,LEC,2,1,SOFT,2,0.0571,88.652,15,4.177,1.661,32.6,26.7,0,0
Bahrain Grand Prix,LEC,3,1,SOFT,3,0.0857,88.586,8,2.645,4.274,33.1,29.7,0,0
Bahrain Grand Prix,LEC,4,1,SOFT,4,0.1143,88.829,4,2.414,2.784,33.6,21.1,0,0
Bahrain Grand Prix,LEC,5,1,SOFT,5,0.1429,88.34,5,2.777,4.694,34.8,25.9,0,0
Bahrain Grand Prix,LEC,6,1,SOFT,6,0.1714,89.0,6,2.015,1.105,31.0,29.9,0,0
Bahrain Grand Prix,LEC,7,1,SOFT,7,0.2,89.133,1,1.125,0.512,31.8,24.7,0,0
Bahrain Grand Prix,LEC,8,1,SOFT,8,0.2286,88.817,6,2.353,2.07,43.9,28.3,0,0
Bahrain Grand Prix,LEC,9,1,SOFT,9,0.2571,89.083,12,2.207,4.669,40.8,20.5,0,0
Bahrain Grand Prix,LEC,10,1,SOFT,10,0.2857,89.143,8,4.226,3.877,42.0,28.3,0,0
Bahrain Grand Prix,LEC,11,1,SOFT,11,0.3143,89.057,14,2.854,2.115,43.2,23.9,0,0
Bahrain Grand Prix,LEC,12,1,SOFT,12,0.3429,89.111,8,2.534,3.712,43.5,26.2,0,0
Bahrain Grand Prix,LEC,13,1,SOFT,13,0.3714,88.779,1,1.545,4.548,35.8,25.4,0,0
Bahrain Grand Prix,LEC,14,1,SOFT,14,0.4,89.819,8,1.531,2.943,36.5,23.3,0,0
Bahrain Grand Prix,LEC,15,1,SOFT,15,0.4286,89.75,15,4.454,2.729,41.1,25.7,0,0
Bahrain Grand Prix,LEC,16,1,SOFT,16,0.4571,89.874,6,3.886,3.681,41.7,21.4,0,0
Bahrain Grand Prix,LEC,17,1,SOFT,17,0.4857,89.846,5,4.445,2.039,42.3,21.1,0,0
Bahrain Grand Prix,LEC,18,1,SOFT,18,0.5143,89.534,4,2.557,3.218,37.5,25.4,0,0
Bahrain Grand Prix,LEC,19,1,SOFT,19,0.5429,89.198,13,3.74,3.385,40.4,25.4,0,0
Bahrain Grand Prix,LEC,20,1,SOFT,20,0.5714,89.825,11,3.196,4.221,44.4,23.4,0,0
Bahrain Grand Prix,LEC,21,1,SOFT,21,0.6,89.899,14,3.267,4.603,32.1,21.0,0,0
Bahrain Grand Prix,LEC,22,1,SOFT,22,0.6286,89.718,1,0.581,4.425,44.0,25.7,0,0
Bahrain Grand Prix,LEC,23,1,SOFT,23,0.6571,90.281,8,3.431,3.971,35.6,20.7,0,1
Bahrain Grand Prix,LEC,24,1,SOFT,24,0.6857,90.297,19,3.814,4.705,43.9,24.5,1,0
Bahrain Grand Prix,LEC,25,2,HARD,1,0.0286,89.836,15,0.746,2.008,42.0,20.0,0,0
Bahrain Grand Prix,LEC,26,2,HARD,2,0.0571,89.412,9,1.014,2.365,43.0,29.2,0,0
Bahrain Grand Prix,LEC,27,2,HARD,3,0.0857,88.972,17,3.142,0.648,43.7,22.5,0,0
Bahrain Grand Prix,LEC,28,2,HARD,4,0.1143,88.745,7,1.245,0.652,34.7,27.8,0,0
Bahrain Grand Prix,LEC,29,2,HARD,5,0.1429,89.294,18,3.486,1.301,44.4,21.5,0,0
Bahrain Grand Prix,LEC,30,2,HARD,6,0.1714,89.421,8,2.76,3.179,31.0,27.5,0,0
Bahrain Grand Prix,LEC,31,2,HARD,7,0.2,89.73,17,0.664,2.624,38.5,20.7,0,0
Bahrain Grand Prix,LEC,32,2,HARD,8,0.2286,89.725,14,3.713,2.874,38.0,24.8,0,0
Bahrain Grand Prix,LEC,33,2,HARD,9,0.2571,90.239,4,1.319,4.378,44.2,23.7,0,0
Bahrain Grand Prix,LEC,34,2,HARD,10,0.2857,89.916,10,4.538,2.87,42.0,29.8,0,0
Bahrain Grand Prix,LEC,35,2,HARD,11,0.3143,90.306,3,1.54,3.524,30.3,21.0,0,0
Bahrain Grand Prix,LEC,36,2,HARD,12,0.3429,89.537,15,3.062,4.494,38.4,27.2,0,0
Bahrain Grand Prix,LEC,37,2,HARD,13,0.3714,90.473,16,2.287,3.506,33.1,22.9,0,0
Bahrain Grand Prix,LEC,38,2,HARD,14,0.4,90.346,16,0.891,3.35,41.0,28.5,0,0
Bahrain Grand Prix,LEC,39,2,HARD,15,0.4286,90.663,1,4.178,2.038,33.9,23.8,0,0
Bahrain Grand Prix,LEC,40,2,HARD,16,0.4571,90.64,12,4.238,2.053,41.6,23.6,0,0
Bahrain Grand Prix,LEC,41,2,HARD,17,0.4857,90.389,12,1.131,4.408,37.3,28.9,0,0
Bahrain Grand Prix,LEC,42,2,HARD,18,0.5143,90.679,17,2.682,2.806,41.1,27.0,0,0
Bahrain Grand Prix,LEC,43,2,HARD,19,0.5429,90.301,11,2.398,1.095,43.5,26.9,0,0
Bahrain Grand Prix,LEC,44,2,HARD,20,0.5714,90.604,5,0.583,4.614,31.8,25.8,0,0
Bahrain Grand Prix,LEC,45,2,HARD,21,0.6,90.903,6,4.234,1.429,30.2,21.4,0,0
Bahrain Grand Prix,LEC,46,2,HARD,22,0.6286,90.455,6,3.795,1.628,39.5,24.9,0,0
Bahrain Grand Prix,LEC,47,2,HARD,23,0.6571,91.257,14,0.711,1.248,41.1,20.8,0,0
Bahrain Grand Prix,LEC,48,2,HARD,24,0.6857,91.105,4,3.969,0.807,42.6,24.4,0,0
Bahrain Grand Prix,LEC,49,2,HARD,25,0.7143,91.179,8,3.049,2.642,40.0,29.4,0,0
Bahrain Grand Prix,LEC,50,2,HARD,26,0.7429,91.309,5,2.677,1.715,38.1,21.6,0,0
Bahrain Grand Prix,LEC,51,2,HARD,27,0.7714,91.34,13,1.196,3.305,37.1,23.4,0,0
Bahrain Grand Prix,LEC,52,2,HARD,28,0.8,91.419,8,3.777,2.73,40.3,24.3,0,0
Bahrain Grand Prix,LEC,53,2,HARD,29,0.8286,91.618,5,0.511,4.855,30.1,21.0,0,0
Bahrain Grand Prix,LEC,54,2,HARD,30,0.8571,91.38,5,0.912,4.628,32.1,29.5,0,0
Bahrain Grand Prix,LEC,55,2,HARD,31,0.8857,91.271,16,4.428,3.795,42.1,26.6,0,0
Bahrain Grand Prix,NOR,1,1,SOFT,1,0.0286,91.637,12,1.495,4.945,44.2,20.4,0,0
Bahrain Grand Prix,NOR,2,1,SOFT,2,0.0571,91.881,7,0.653,3.638,34.5,29.2,0,0
Bahrain Grand Prix,NOR,3,1,SOFT,3,0.0857,91.905,18,2.398,4.079,41.2,20.5,0,0
Bahrain Grand Prix,NOR,4,1,SOFT,4,0.1143,92.273,7,0.667,3.183,33.5,21.2,0,0
Bahrain Grand Prix,NOR,5,1,SOFT,5,0.1429,91.335,2,4.482,2.886,36.6,24.0,0,0
Bahrain Grand Prix,NOR,6,1,SOFT,6,0.1714,92.427,4,4.058,1.934,39.4,28.9,0,0
Bahrain Grand Prix,NOR,7,1,SOFT,7,0.2,92.253,10,4.445,2.379,36.9,29.9,0,0
Bahrain Grand Prix,NOR,8,1,SOFT,8,0.2286,92.414,7,0.543,0.737,31.3,20.4,0,0
Bahrain Grand Prix,NOR,9,1,SOFT,9,0.2571,92.29,12,3.324,4.432,44.8,27.7,0,0
Bahrain Grand Prix,NOR,10,1,SOFT,10,0.2857,91.993,5,3.795,0.515,37.0,23.0,0,0
Bahrain Grand Prix,NOR,11,1,SOFT,11,0.3143,92.054,18,1.833,1.551,30.6,20.2,0,0
Bahrain Grand Prix,NOR,12,1,SOFT,12,0.3429,92.565,17,2.262,1.06,44.3,28.0,0,0
Bahrain Grand Prix,NOR,13,1,SOFT,13,0.3714,92.712,5,0.902,2.379,43.2,29.4,0,0
Bahrain Grand Prix,NOR,14,1,SOFT,14,0.4,93.311,7,4.96,1.543,44.1,26.5,0,0
Bahrain Grand Prix,NOR,15,1,SOFT,15,0.4286,92.647,19,2.807,1.538,32.6,22.2,0,0
Bahrain Grand Prix,NOR,16,1,SOFT,16,0.4571,93.032,6,4.103,3.334,33.2,25.2,0,0
Bahrain Grand Prix,NOR,17,1,SOFT,17,0.4857,92.818,17,1.283,2.283,41.4,27.0,0,0
Bahrain Grand Prix,NOR,18,1,SOFT,18,0.5143,93.139,6,3.303,3.865,30.5,28.9,0,0
Bahrain Grand Prix,NOR,19,1,SOFT,19,0.5429,93.039,5,0.912,4.449,34.0,21.3,0,0
Bahrain Grand Prix,NOR,20,1,SOFT,20,0.5714,93.285,8,4.692,3.808,34.2,22.5,0,0
Bahrain Grand Prix,NOR,21,1,SOFT,21,0.6,93.377,6,1.669,3.755,37.4,20.8,0,0
Bahrain Grand Prix,NOR,22,1,SOFT,22,0.6286,93.547,5,4.962,0.777,43.2,25.2,0,0
Bahrain Grand Prix,NOR,23,1,SOFT,23,0.6571,93.188,19,4.211,2.065,40.2,25.7,0,0
Bahrain Grand Prix,NOR,24,1,SOFT,24,0.6857,93.679,19,4.407,1.604,32.4,21.6,0,1
Bahrain Grand Prix,NOR,25,1,SOFT,25,0.7143,93.524,13,4.267,3.639,40.2,26.2,1,0
Bahrain Grand Prix,NOR,26,2,HARD,1,0.0286,92.331,11,4.826,2.595,43.2,20.1,0,0
Bahrain Grand Prix,NOR,27,2,HARD,2,0.0571,92.694,11,1.529,4.589,30.0,25.6,0,0
Bahrain Grand Prix,NOR,28,2,HARD,3,0.0857,92.451,2,1.792,3.276,44.7,26.3,0,0
Bahrain Grand Prix,NOR,29,2,HARD,4,0.1143,92.949,2,3.353,2.93,41.7,21.1,0,0
Bahrain Grand Prix,NOR,30,2,HARD,5,0.1429,92.876,2,2.038,3.347,44.0,21.0,0,0
Bahrain Grand Prix,NOR,31,2,HARD,6,0.1714,93.288,4,1.282,3.969,44.2,21.7,0,0
Bahrain Grand Prix,NOR,32,2,HARD,7,0.2,93.161,1,0.761,0.836,42.8,29.9,0,0
Bahrain Grand Prix,NOR,33,2,HARD,8,0.2286,93.298,15,4.86,3.873,32.0,27.6,0,0
Bahrain Grand Prix,NOR,34,2,HARD,9,0.2571,93.101,19,1.636,0.505,32.4,24.7,0,0
Bahrain Grand Prix,NOR,35,2,HARD,10,0.2857,92.705,4,2.418,2.531,32.5,27.9,0,0
Bahrain Grand Prix,NOR,36,2,HARD,11,0.3143,93.038,2,3.978,1.535,32.0,28.7,0,0
Bahrain Grand Prix,NOR,37,2,HARD,12,0.3429,93.551,12,0.641,3.791,43.6,28.6,0,0
Bahrain Grand Prix,NOR,38,2,HARD,13,0.3714,92.992,6,1.535,1.459,30.5,26.5,0,0
Bahrain Grand Prix,NOR,39,2,HARD,14,0.4,93.392,12,3.032,2.622,38.1,21.6,0,0
Bahrain Grand Prix,NOR,40,2,HARD,15,0.4286,93.574,18,3.925,3.318,32.0,20.3,0,0
Bahrain Grand Prix,NOR,41,2,HARD,16,0.4571,93.397,3,1.335,2.579,30.0,26.0,0,0
Bahrain Grand Prix,NOR,42,2,HARD,17,0.4857,93.417,9,1.402,2.712,31.0,25.8,0,0
Bahrain Grand Prix,NOR,43,2,HARD,18,0.5143,94.005,2,4.089,1.897,36.8,20.1,0,0
Bahrain Grand Prix,NOR,44,2,HARD,19,0.5429,93.89,14,4.886,3.748,39.9,27.6,0,0
Bahrain Grand Prix,NOR,45,2,HARD,20,0.5714,93.841,6,4.585,3.759,41.2,21.5,0,0
Bahrain Grand Prix,NOR,46,2,HARD,21,0.6,94.134,15,2.745,3.282,40.5,25.6,0,0
Bahrain Grand Prix,NOR,47,2,HARD,22,0.6286,93.946,18,1.969,2.83,31.3,23.5,0,0
Bahrain Grand Prix,NOR,48,2,HARD,23,0.6571,94.003,7,1.404,3.619,42.3,20.4,0,0
Bahrain Grand Prix,NOR,49,2,HARD,24,0.6857,94.263,12,0.971,3.364,40.6,20.3,0,0
Bahrain Grand Prix,NOR,50,2,HARD,25,0.7143,94.866,8,4.763,3.314,41.8,26.1,0,0
Bahrain Grand Prix,NOR,51,2,HARD,26,0.7429,94.583,7,3.474,2.989,39.0,27.8,0,0
Bahrain Grand Prix,NOR,52,2,HARD,27,0.7714,94.429,10,2.474,3.762,38.9,26.5,0,0
Bahrain Grand Prix,NOR,53,2,HARD,28,0.8,94.647,13,3.271,1.981,37.1,27.4,0,0
Bahrain Grand Prix,NOR,54,2,HARD,29,0.8286,94.687,19,1.228,0.594,39.8,23.3,0,0
Bahrain Grand Prix,NOR,55,2,HARD,30,0.8571,95.074,9,2.72,0.867,36.0,22.2,0,0
Bahrain Grand Prix,SAI,1,1,SOFT,1,0.0286,90.03,5,2.057,2.17,44.8,20.4,0,0
Bahrain Grand Prix,SAI,2,1,SOFT,2,0.0571,90.172,17,2.813,3.146,30.4,24.0,0,0
Bahrain Grand Prix,SAI,3,1,SOFT,3,0.0857,90.468,4,2.398,1.746,38.9,29.1,0,0
Bahrain Grand Prix,SAI,4,1,SOFT,4,0.1143,90.581,12,2.227,2.596,42.5,22.4,0,0
Bahrain Grand Prix,SAI,5,1,SOFT,5,0.1429,90.131,10,1.569,4.871,32.7,28.5,0,0
Bahrain Grand Prix,SAI,6,1,SOFT,6,0.1714,90.678,13,2.467,0.938,36.1,25.9,0,0
Bahrain Grand Prix,SAI,7,1,SOFT,7,0.2,90.863,7,1.236,2.26,44.5,22.6,0,0
Bahrain Grand Prix,SAI,8,1,SOFT,8,0.2286,90.712,5,0.541,3.148,39.0,24.0,0,0
Bahrain Grand Prix,SAI,9,1,SOFT,9,0.2571,90.379,10,0.831,1.264,37.8,23.4,0,0
Bahrain Grand Prix,SAI,10,1,SOFT,10,0.2857,90.46,9,2.439,1.619,39.3,27.1,0,0
Bahrain Grand Prix,SAI,11,1,SOFT,11,0.3143,90.643,11,3.814,3.487,37.1,28.4,0,0
Bahrain Grand Prix,SAI,12,1,SOFT,12,0.3429,90.723,12,2.509,4.389,38.4,25.4,0,0
Bahrain Grand Prix,SAI,13,1,SOFT,13,0.3714,90.81,1,1.049,2.535,44.0,23.2,0,0
Bahrain Grand Prix,SAI,14,1,SOFT,14,0.4,90.858,17,3.131,3.597,36.0,24.8,0,0
Bahrain Grand Prix,SAI,15,1,SOFT,15,0.4286,90.664,11,2.7,3.501,32.1,20.3,0,0
Bahrain Grand Prix,SAI,16,1,SOFT,16,0.4571,91.256,13,1.146,4.729,41.0,21.6,0,0
Bahrain Grand Prix,SAI,17,1,SOFT,17,0.4857,91.36,6,4.407,1.297,40.4,28.4,0,1
Bahrain Grand Prix,SAI,18,1,SOFT,18,0.5143,91.088,11,3.575,2.737,39.3,28.7,1,0
Bahrain Grand Prix,SAI,19,2,HARD,1,0.0286,90.618,8,4.08,4.634,39.0,29.4,0,0
Bahrain Grand Prix,SAI,20,2,HARD,2,0.0571,90.827,14,2.272,3.431,31.6,26.6,0,0
Bahrain Grand Prix,SAI,21,2,HARD,3,0.0857,90.874,16,3.886,0.907,34.3,21.1,0,0
Bahrain Grand Prix,SAI,22,2,HARD,4,0.1143,91.053,2,2.319,1.972,40.0,28.1,0,0
Bahrain Grand Prix,SAI,23,2,HARD,5,0.1429,91.231,19,4.41,2.191,34.5,26.5,0,0
Bahrain Grand Prix,SAI,24,2,HARD,6,0.1714,91.289,15,3.336,3.244,38.5,23.8,0,0
Bahrain Grand Prix,SAI,25,2,HARD,7,0.2,91.764,17,2.5,0.566,38.8,21.7,0,0
Bahrain Grand Prix,SAI,26,2,HARD,8,0.2286,91.568,14,3.288,2.586,35.7,28.6,0,0
Bahrain Grand Prix,SAI,27,2,HARD,9,0.2571,90.746,12,1.17,2.87,33.7,24.8,0,0
Bahrain Grand Prix,SAI,28,2,HARD,10,0.2857,92.023,11,3.942,4.158,40.8,29.6,0,0
Bahrain Grand Prix,SAI,29,2,HARD,11,0.3143,91.467,11,2.21,1.387,37.2,21.9,0,0
Bahrain Grand Prix,SAI,30,2,HARD,12,0.3429,91.709,14,2.686,1.655,34.3,23.1,0,0
Bahrain Grand Prix,SAI,31,2,HARD,13,0.3714,91.735,16,0.903,3.729,36.0,29.8,0,0
Bahrain Grand Prix,SAI,32,2,HARD,14,0.4,92.118,11,1.055,4.367,42.0,21.8,0,0
Bahrain Grand Prix,SAI,33,2,HARD,15,0.4286,92.088,10,4.63,2.41,31.3,28.2,0,0
Bahrain Grand Prix,SAI,34,2,HARD,16,0.4571,91.765,12,0.695,3.349,44.3,26.0,0,0
Bahrain Grand Prix,SAI,35,2,HARD,17,0.4857,92.023,9,4.072,3.41,32.6,23.6,0,0
Bahrain Grand Prix,SAI,36,2,HARD,18,0.5143,92.101,10,4.55,2.09,33.6,27.8,0,0
Bahrain Grand Prix,SAI,37,2,HARD,19,0.5429,92.371,7,3.504,0.93,39.4,24.5,0,0
Bahrain Grand Prix,SAI,38,2,HARD,20,0.5714,92.11,18,1.188,1.559,43.0,24.7,0,0
Bahrain Grand Prix,SAI,39,2,HARD,21,0.6,92.003,5,3.389,3.232,38.2,22.3,0,0
Bahrain Grand Prix,SAI,40,2,HARD,22,0.6286,92.447,14,3.344,0.763,32.1,22.7,0,0
Bahrain Grand Prix,SAI,41,2,HARD,23,0.6571,92.909,10,2.427,3.729,40.4,29.9,0,0
Bahrain Grand Prix,SAI,42,2,HARD,24,0.6857,92.801,14,0.968,3.76,38.7,22.7,0,0
Bahrain Grand Prix,SAI,43,2,HARD,25,0.7143,92.375,9,3.277,2.491,42.5,26.7,0,0
Bahrain Grand Prix,SAI,44,2,HARD,26,0.7429,92.553,12,1.552,2.93,43.2,26.5,0,0
Bahrain Grand Prix,SAI,45,2,HARD,27,0.7714,92.312,3,1.356,0.736,35.7,23.6,0,0
Bahrain Grand Prix,SAI,46,2,HARD,28,0.8,92.984,3,3.788,2.593,30.9,25.6,0,0
Bahrain Grand Prix,SAI,47,2,HARD,29,0.8286,92.723,16,2.343,2.402,42.3,20.0,0,0
Bahrain Grand Prix,SAI,48,2,HARD,30,0.8571,93.208,16,3.492,4.08,43.9,22.3,0,0
Bahrain Grand Prix,SAI,49,2,HARD,31,0.8857,92.857,5,3.817,3.959,33.7,26.7,0,0
Bahrain Grand Prix,SAI,50,2,HARD,32,0.9143,93.131,6,1.657,4.046,43.0,26.1,0,0
Bahrain Grand Prix,SAI,51,2,HARD,33,0.9429,92.981,14,1.029,1.523,35.1,23.8,0,0
Bahrain Grand Prix,SAI,52,2,HARD,34,0.9714,93.377,2,4.716,2.992,34.6,24.0,0,0
Bahrain Grand Prix,SAI,53,2,HARD,35,1.0,93.989,6,4.637,2.736,44.9,28.5,0,0
Bahrain Grand Prix,SAI,54,2,HARD,36,1.0286,93.248,10,2.755,2.287,38.1,26.3,0,0
Bahrain Grand Prix,SAI,55,2,HARD,37,1.0571,93.704,14,4.127,4.055,34.6,20.8,0,0
Bahrain Grand Prix,PER,1,1,SOFT,1,0.0286,89.965,18,3.384,4.201,32.0,28.6,0,0
Bahrain Grand Prix,PER,2,1,SOFT,2,0.0571,89.538,14,4.542,4.232,34.8,29.5,0,0
Bahrain Grand Prix,PER,3,1,SOFT,3,0.0857,89.829,6,1.159,2.154,31.0,20.3,0,0
Bahrain Grand Prix,PER,4,1,SOFT,4,0.1143,89.831,13,4.714,4.442,34.2,28.5,0,0
Bahrain Grand Prix,PER,5,1,SOFT,5,0.1429,89.798,11,3.288,3.426,32.3,20.6,0,0
Bahrain Grand Prix,PER,6,1,SOFT,6,0.1714,89.811,2,2.681,3.894,39.3,23.0,0,0
Bahrain Grand Prix,PER,7,1,SOFT,7,0.2,90.317,19,1.268,0.836,41.7,22.7,0,0
Bahrain Grand Prix,PER,8,1,SOFT,8,0.2286,90.162,1,2.792,4.985,42.2,26.2,0,0
Bahrain Grand Prix,PER,9,1,SOFT,9,0.2571,89.874,4,2.872,2.417,32.0,28.9,0,0
Bahrain Grand Prix,PER,10,1,SOFT,10,0.2857,89.843,7,2.865,2.667,32.7,23.9,0,0
Bahrain Grand Prix,PER,11,1,SOFT,11,0.3143,90.208,5,0.55,2.373,37.2,20.2,0,0
Bahrain Grand Prix,PER,12,1,SOFT,12,0.3429,90.56,7,3.285,1.956,42.5,26.3,0,0
Bahrain Grand Prix,PER,13,1,SOFT,13,0.3714,90.225,18,0.791,0.692,35.6,22.7,0,0
Bahrain Grand Prix,PER,14,1,SOFT,14,0.4,90.502,4,4.391,1.596,39.8,28.1,0,0
Bahrain Grand Prix,PER,15,1,SOFT,15,0.4286,91.139,6,2.266,4.803,32.0,21.0,0,0
Bahrain Grand Prix,PER,16,1,SOFT,16,0.4571,90.781,2,2.469,1.646,42.6,20.4,0,0
Bahrain Grand Prix,PER,17,1,SOFT,17,0.4857,90.786,8,2.577,3.367,39.9,29.0,0,0
Bahrain Grand Prix,PER,18,1,SOFT,18,0.5143,91.15,13,1.176,3.818,37.7,26.8,0,1
Bahrain Grand Prix,PER,19,1,SOFT,19,0.5429,91.295,13,0.671,3.858,39.9,28.0,1,0
Bahrain Grand Prix,PER,20,2,HARD,1,0.0286,89.656,14,4.962,4.868,44.1,27.8,0,0
Bahrain Grand Prix,PER,21,2,HARD,2,0.0571,90.391,19,1.283,0.943,39.9,27.6,0,0
Bahrain Grand Prix,PER,22,2,HARD,3,0.0857,90.673,9,2.219,1.426,31.8,26.2,0,0
Bahrain Grand Prix,PER,23,2,HARD,4,0.1143,90.315,14,0.812,4.819,37.2,29.0,0,0
Bahrain Grand Prix,PER,24,2,HARD,5,0.1429,90.389,8,1.013,2.687,43.8,25.2,0,0
Bahrain Grand Prix,PER,25,2,HARD,6,0.1714,90.572,2,1.076,2.022,43.9,22.2,0,0
Bahrain Grand Prix,PER,26,2,HARD,7,0.2,90.483,18,4.744,1.583,31.8,22.0,0,0
Bahrain Grand Prix,PER,27,2,HARD,8,0.2286,90.333,14,0.557,4.966,40.1,23.2,0,0
Bahrain Grand Prix,PER,28,2,HARD,9,0.2571,90.817,15,1.635,3.898,36.9,28.4,0,0
Bahrain Grand Prix,PER,29,2,HARD,10,0.2857,91.122,8,3.01,1.313,30.8,23.2,0,0
Bahrain Grand Prix,PER,30,2,HARD,11,0.3143,90.857,13,1.242,1.093,40.9,28.2,0,0
Bahrain Grand Prix,PER,31,2,HARD,12,0.3429,91.372,15,2.776,4.283,41.0,25.4,0,0
Bahrain Grand Prix,PER,32,2,HARD,13,0.3714,91.285,19,1.182,0.922,38.7,28.8,0,0
Bahrain Grand Prix,PER,33,2,HARD,14,0.4,91.955,5,1.22,2.577,30.1,22.5,0,0
Bahrain Grand Prix,PER,34,2,HARD,15,0.4286,91.332,10,3.459,1.899,41.1,28.2,0,0
Bahrain Grand Prix,PER,35,2,HARD,16,0.4571,91.252,2,2.099,4.027,38.3,20.1,0,0
Bahrain Grand Prix,PER,36,2,HARD,17,0.4857,91.348,2,3.914,3.553,41.3,28.4,0,0
Bahrain Grand Prix,PER,37,2,HARD,18,0.5143,91.786,6,4.445,4.984,35.5,24.5,0,0
Bahrain Grand Prix,PER,38,2,HARD,19,0.5429,91.852,3,1.12,3.484,30.0,21.8,0,0
Bahrain Grand Prix,PER,39,2,HARD,20,0.5714,91.869,10,3.288,2.1,41.9,20.9,0,0
Bahrain Grand Prix,PER,40,2,HARD,21,0.6,91.726,14,3.755,0.969,33.4,27.0,0,0
Bahrain Grand Prix,PER,41,2,HARD,22,0.6286,92.584,2,3.197,3.21,30.3,23.2,0,0
Bahrain Grand Prix,PER,42,2,HARD,23,0.6571,91.776,13,3.857,4.919,33.1,28.3,0,0
Bahrain Grand Prix,PER,43,2,HARD,24,0.6857,92.201,19,2.481,1.164,34.9,24.3,0,0
Bahrain Grand Prix,PER,44,2,HARD,25,0.7143,92.164,15,4.993,4.699,39.6,24.2,0,0
Bahrain Grand Prix,PER,45,2,HARD,26,0.7429,92.234,4,2.733,1.302,40.3,29.9,0,0
Bahrain Grand Prix,PER,46,2,HARD,27,0.7714,92.557,16,1.413,3.045,44.7,21.7,0,0
Bahrain Grand Prix,PER,47,2,HARD,28,0.8,92.643,11,0.609,4.243,34.1,25.2,0,0
Bahrain Grand Prix,PER,48,2,HARD,29,0.8286,92.585,10,4.337,1.515,35.7,24.6,0,0
Bahrain Grand Prix,PER,49,2,HARD,30,0.8571,92.547,17,2.458,4.718,40.6,26.3,0,0
Bahrain Grand Prix,PER,50,2,HARD,31,0.8857,92.689,4,3.945,1.215,39.2,21.4,0,0
Bahrain Grand Prix,PER,51,2,HARD,32,0.9143,92.781,4,0.56,1.772,30.7,20.4,0,0
Bahrain Grand Prix,PER,52,2,HARD,33,0.9429,92.586,14,1.623,1.724,41.4,24.5,0,0
Bahrain Grand Prix,PER,53,2,HARD,34,0.9714,92.666,13,1.707,1.204,42.8,20.5,0,0
Bahrain Grand Prix,PER,54,2,HARD,35,1.0,93.248,4,1.918,3.973,31.3,22.4,0,0
Bahrain Grand Prix,RUS,1,1,MEDIUM,1,0.0286,91.229,7,2.271,4.225,41.8,26.2,0,0
Bahrain Grand Prix,RUS,2,1,MEDIUM,2,0.0571,90.903,5,3.444,1.391,38.5,24.6,0,0
Bahrain Grand Prix,RUS,3,1,MEDIUM,3,0.0857,90.879,12,2.073,1.013,32.3,22.3,0,0
Bahrain Grand Prix,RUS,4,1,MEDIUM,4,0.1143,91.119,1,2.855,1.016,42.9,27.2,0,0
Bahrain Grand Prix,RUS,5,1,MEDIUM,5,0.1429,90.928,9,4.063,2.97,39.2,22.3,0,0
Bahrain Grand Prix,RUS,6,1,MEDIUM,6,0.1714,91.062,5,4.756,4.325,40.0,24.6,0,0
Bahrain Grand Prix,RUS,7,1,MEDIUM,7,0.2,91.488,16,2.571,3.872,34.4,27.9,0,0
Bahrain Grand Prix,RUS,8,1,MEDIUM,8,0.2286,91.205,3,0.734,4.038,33.0,22.6,0,0
Bahrain Grand Prix,RUS,9,1,MEDIUM,9,0.2571,91.157,4,3.905,2.837,33.1,28.8,0,0
Bahrain Grand Prix,RUS,10,1,MEDIUM,10,0.2857,91.368,17,0.622,0.793,37.0,29.1,0,0
Bahrain Grand Prix,RUS,11,1,MEDIUM,11,0.3143,91.13,1,2.258,4.093,35.6,24.5,0,0
Bahrain Grand Prix,RUS,12,1,MEDIUM,12,0.3429,91.397,5,4.84,1.417,37.8,22.9,0,0
Bahrain Grand Prix,RUS,13,1,MEDIUM,13,0.3714,91.629,9,3.099,3.356,42.0,24.0,0,0
Bahrain Grand Prix,RUS,14,1,MEDIUM,14,0.4,91.778,10,2.514,3.01,32.5,26.1,0,0
Bahrain Grand Prix,RUS,15,1,MEDIUM,15,0.4286,92.054,13,4.578,1.746,44.8,21.4,0,0
Bahrain Grand Prix,RUS,16,1,MEDIUM,16,0.4571,91.784,5,3.797,4.192,34.7,28.0,0,0
Bahrain Grand Prix,RUS,17,1,MEDIUM,17,0.4857,91.872,14,0.876,4.471,42.1,25.1,0,0
Bahrain Grand Prix,RUS,18,1,MEDIUM,18,0.5143,92.061,13,1.954,4.987,44.7,26.6,0,0
Bahrain Grand Prix,RUS,19,1,MEDIUM,19,0.5429,92.274,5,3.019,2.873,40.8,28.9,0,0
Bahrain Grand Prix,RUS,20,1,MEDIUM,20,0.5714,92.289,9,4.186,2.934,40.7,23.1,0,1
Bahrain Grand Prix,RUS,21,1,MEDIUM,21,0.6,92.232,11,4.556,3.433,34.7,22.5,1,0
Bahrain Grand Prix,RUS,22,2,HARD,1,0.0286,91.154,16,3.704,4.217,31.5,22.4,0,0
Bahrain Grand Prix,RUS,23,2,HARD,2,0.0571,91.229,2,2.066,2.527,41.2,26.5,0,0
Bahrain Grand Prix,RUS,24,2,HARD,3,0.0857,90.901,5,4.128,4.297,33.8,20.3,0,0
Bahrain Grand Prix,RUS,25,2,HARD,4,0.1143,91.672,16,0.979,1.917,30.1,26.8,0,0
Bahrain Grand Prix,RUS,26,2,HARD,5,0.1429,91.558,1,4.267,1.757,39.6,26.9,0,0
Bahrain Grand Prix,RUS,27,2,HARD,6,0.1714,91.269,15,1.874,1.457,30.5,23.0,0,0
Bahrain Grand Prix,RUS,28,2,HARD,7,0.2,91.729,12,1.547,4.133,30.9,29.0,0,0
Bahrain Grand Prix,RUS,29,2,HARD,8,0.2286,91.726,19,4.582,3.518,38.4,21.1,0,0
Bahrain Grand Prix,RUS,30,2,HARD,9,0.2571,91.334,4,2.217,1.08,36.2,28.0,0,0
Bahrain Grand Prix,RUS,31,2,HARD,10,0.2857,91.271,17,0.689,3.83,43.8,22.8,0,0
Bahrain Grand Prix,RUS,32,2,HARD,11,0.3143,91.812,19,4.217,3.647,42.6,29.8,0,0
Bahrain Grand Prix,RUS,33,2,HARD,12,0.3429,92.188,14,3.77,1.871,42.4,22.8,0,0
Bahrain Grand Prix,RUS,34,2,HARD,13,0.3714,92.172,8,1.685,0.708,38.5,22.8,0,0
Bahrain Grand Prix,RUS,35,2,HARD,14,0.4,92.62,14,3.193,1.838,34.5,27.4,0,0
Bahrain Grand Prix,RUS,36,2,HARD,15,0.4286,92.348,14,2.032,4.951,39.4,25.3,0,0
Bahrain Grand Prix,RUS,37,2,HARD,16,0.4571,92.545,17,1.784,2.431,34.0,27.9,0,0
Bahrain Grand Prix,RUS,38,2,HARD,17,0.4857,92.866,16,4.241,3.195,31.7,20.9,0,0
Bahrain Grand Prix,RUS,39,2,HARD,18,0.5143,92.696,9,3.511,4.232,43.2,25.7,0,0
Bahrain Grand Prix,RUS,40,2,HARD,19,0.5429,91.885,12,4.598,2.59,32.1,23.4,0,0
Bahrain Grand Prix,RUS,41,2,HARD,20,0.5714,92.81,8,4.766,2.504,41.8,26.4,0,0
Bahrain Grand Prix,RUS,42,2,HARD,21,0.6,92.518,4,2.23,2.695,39.8,29.5,0,0
Bahrain Grand Prix,RUS,43,2,HARD,22,0.6286,92.898,2,2.628,4.927,34.0,24.1,0,0
Bahrain Grand Prix,RUS,44,2,HARD,23,0.6571,92.907,8,1.575,2.613,36.8,24.7,0,0
Bahrain Grand Prix,RUS,45,2,HARD,24,0.6857,92.843,3,1.382,3.249,34.2,22.1,0,0
Bahrain Grand Prix,RUS,46,2,HARD,25,0.7143,92.989,14,0.723,4.25,42.7,22.8,0,0
Bahrain Grand Prix,RUS,47,2,HARD,26,0.7429,93.122,7,4.112,3.074,37.7,22.9,0,0
Bahrain Grand Prix,RUS,48,2,HARD,27,0.7714,93.161,5,1.781,4.182,38.0,28.8,0,0
Bahrain Grand Prix,RUS,49,2,HARD,28,0.8,93.449,9,0.634,3.539,30.7,24.5,0,0
Bahrain Grand Prix,RUS,50,2,HARD,29,0.8286,93.731,8,4.584,3.713,39.1,23.1,0,0
Bahrain Grand Prix,RUS,51,2,HARD,30,0.8571,93.263,13,3.733,4.793,40.8,28.6,0,0
Bahrain Grand Prix,RUS,52,2,HARD,31,0.8857,93.426,4,2.227,2.553,35.5,21.2,0,0
Bahrain Grand Prix,RUS,53,2,HARD,32,0.9143,93.745,8,3.88,0.82,31.2,23.5,0,0
Bahrain Grand Prix,RUS,54,2,HARD,33,0.9429,93.723,9,3.409,4.496,39.0,25.0,0,0
Bahrain Grand Prix,RUS,55,2,HARD,34,0.9714,93.871,19,4.61,3.257,43.1,27.2,0,0
Bahrain Grand Prix,RUS,56,2,HARD,35,1.0,93.855,8,4.19,3.627,38.0,24.5,0,0
Bahrain Grand Prix,RUS,57,2,HARD,36,1.0286,93.734,13,2.297,4.596,42.1,22.2,0,0
Bahrain Grand Prix,PIA,1,1,MEDIUM,1,0.0286,89.956,13,1.739,1.878,41.8,24.5,0,0
Bahrain Grand Prix,PIA,2,1,MEDIUM,2,0.0571,90.38,2,2.229,2.526,38.7,27.6,0,0
Bahrain Grand Prix,PIA,3,1,MEDIUM,3,0.0857,90.17,7,2.803,1.245,39.7,20.4,0,0
Bahrain Grand Prix,PIA,4,1,MEDIUM,4,0.1143,90.183,1,2.056,1.195,30.4,26.5,0,0
Bahrain Grand Prix,PIA,5,1,MEDIUM,5,0.1429,89.996,11,1.9,3.547,39.1,23.6,0,0
Bahrain Grand Prix,PIA,6,1,MEDIUM,6,0.1714,90.733,12,3.019,0.974,32.5,29.7,0,0
Bahrain Grand Prix,PIA,7,1,MEDIUM,7,0.2,90.231,14,0.639,2.246,32.4,20.2,0,0
Bahrain Grand Prix,PIA,8,1,MEDIUM,8,0.2286,90.614,15,2.695,1.085,42.5,23.7,0,0
Bahrain Grand Prix,PIA,9,1,MEDIUM,9,0.2571,90.551,6,3.213,4.22,44.8,22.9,0,0
Bahrain Grand Prix,PIA,10,1,MEDIUM,10,0.2857,90.178,15,1.182,0.639,44.6,27.7,0,0
Bahrain Grand Prix,PIA,11,1,MEDIUM,11,0.3143,90.825,13,2.938,3.929,42.5,24.4,0,1
Bahrain Grand Prix,PIA,12,1,MEDIUM,12,0.3429,91.009,10,4.221,3.691,32.7,25.1,1,0
Bahrain Grand Prix,PIA,13,2,HARD,1,0.0286,90.151,11,3.01,2.063,38.7,21.4,0,0
Bahrain Grand Prix,PIA,14,2,HARD,2,0.0571,90.696,3,1.177,4.175,33.1,27.8,0,0
Bahrain Grand Prix,PIA,15,2,HARD,3,0.0857,90.364,19,1.406,2.278,30.6,24.8,0,0
Bahrain Grand Prix,PIA,16,2,HARD,4,0.1143,90.935,4,4.581,1.096,38.9,26.0,0,0
Bahrain Grand Prix,PIA,17,2,HARD,5,0.1429,90.601,11,2.972,0.76,40.2,24.7,0,0
Bahrain Grand Prix,PIA,18,2,HARD,6,0.1714,90.305,12,4.863,4.771,37.7,20.9,0,0
Bahrain Grand Prix,PIA,19,2,HARD,7,0.2,90.897,4,1.786,1.415,41.4,23.9,0,0
Bahrain Grand Prix,PIA,20,2,HARD,8,0.2286,91.4,11,4.634,2.13,40.9,28.9,0,0
Bahrain Grand Prix,PIA,21,2,HARD,9,0.2571,90.52,15,3.94,3.081,44.3,22.0,0,0
Bahrain Grand Prix,PIA,22,2,HARD,10,0.2857,90.721,9,0.768,0.514,39.6,23.0,0,0
Bahrain Grand Prix,PIA,23,2,HARD,11,0.3143,91.034,3,2.517,2.797,39.4,29.3,0,0
Bahrain Grand Prix,PIA,24,2,HARD,12,0.3429,91.04,16,3.932,4.682,30.5,28.7,0,0
Bahrain Grand Prix,PIA,25,2,HARD,13,0.3714,91.95,16,4.189,2.0,41.0,25.3,0,0
Bahrain Grand Prix,PIA,26,2,HARD,14,0.4,91.585,15,4.957,1.403,44.9,20.9,0,0
Bahrain Grand Prix,PIA,27,2,HARD,15,0.4286,91.852,15,1.143,3.89,41.5,26.6,0,0
Bahrain Grand Prix,PIA,28,2,HARD,16,0.4571,91.27,1,4.307,3.261,31.3,24.9,0,0
Bahrain Grand Prix,PIA,29,2,HARD,17,0.4857,91.669,6,1.878,2.971,39.5,25.8,0,0
Bahrain Grand Prix,PIA,30,2,HARD,18,0.5143,91.603,2,0.527,0.954,43.0,26.8,0,0
Bahrain Grand Prix,PIA,31,2,HARD,19,0.5429,91.835,2,0.828,2.313,34.4,22.3,0,0
Bahrain Grand Prix,PIA,32,2,HARD,20,0.5714,91.545,7,2.306,1.816,32.3,22.7,0,0
Bahrain Grand Prix,PIA,33,2,HARD,21,0.6,92.044,7,1.517,3.382,44.7,26.0,0,0
Bahrain Grand Prix,PIA,34,2,HARD,22,0.6286,92.024,19,3.415,1.053,43.3,25.0,0,0
Bahrain Grand Prix,PIA,35,2,HARD,23,0.6571,92.736,8,2.996,3.367,37.9,24.6,0,0
Bahrain Grand Prix,PIA,36,2,HARD,24,0.6857,91.947,14,4.201,4.118,38.3,25.2,0,1
Bahrain Grand Prix,PIA,37,2,HARD,25,0.7143,92.448,18,2.307,1.214,43.2,28.2,1,0
Bahrain Grand Prix,PIA,38,3,MEDIUM,1,0.0286,89.902,11,1.722,2.311,31.5,21.9,0,0
Bahrain Grand Prix,PIA,39,3,MEDIUM,2,0.0571,90.286,6,4.531,3.125,37.0,23.4,0,0
Bahrain Grand Prix,PIA,40,3,MEDIUM,3,0.0857,90.422,12,3.834,1.923,31.5,23.6,0,0
Bahrain Grand Prix,PIA,41,3,MEDIUM,4,0.1143,90.452,12,3.073,4.582,44.1,24.2,0,0
Bahrain Grand Prix,PIA,42,3,MEDIUM,5,0.1429,90.228,6,2.198,4.838,31.3,26.9,0,0
Bahrain Grand Prix,PIA,43,3,MEDIUM,6,0.1714,89.82,10,1.126,1.644,43.1,21.8,0,0
Bahrain Grand Prix,PIA,44,3,MEDIUM,7,0.2,90.476,12,1.083,3.542,44.2,22.7,0,0
Bahrain Grand Prix,PIA,45,3,MEDIUM,8,0.2286,91.15,5,0.717,2.12,44.4,25.0,0,0
Bahrain Grand Prix,PIA,46,3,MEDIUM,9,0.2571,90.567,9,2.642,0.999,39.5,27.7,0,0
Bahrain Grand Prix,PIA,47,3,MEDIUM,10,0.2857,90.805,4,4.327,1.454,39.9,24.7,0,0
Bahrain Grand Prix,PIA,48,3,MEDIUM,11,0.3143,90.498,1,4.083,3.893,30.5,23.9,0,0
Bahrain Grand Prix,PIA,49,3,MEDIUM,12,0.3429,90.944,1,4.506,1.793,35.5,20.6,0,0
Bahrain Grand Prix,PIA,50,3,MEDIUM,13,0.3714,90.905,10,2.947,0.949,40.3,22.4,0,0
Bahrain Grand Prix,ALO,1,1,SOFT,1,0.0286,88.523,15,1.986,4.577,34.0,27.2,0,0
Bahrain Grand Prix,ALO,2,1,SOFT,2,0.0571,87.998,4,0.687,2.289,41.4,24.5,0,0
Bahrain Grand Prix,ALO,3,1,SOFT,3,0.0857,88.521,12,1.065,0.576,41.6,28.1,0,0
Bahrain Grand Prix,ALO,4,1,SOFT,4,0.1143,88.638,2,1.318,2.46,35.0,23.4,0,0
Bahrain Grand Prix,ALO,5,1,SOFT,5,0.1429,88.686,12,0.506,1.849,39.7,29.7,0,0
Bahrain Grand Prix,ALO,6,1,SOFT,6,0.1714,89.16,15,3.54,2.961,42.4,26.1,0,0
Bahrain Grand Prix,ALO,7,1,SOFT,7,0.2,88.824,4,4.548,3.696,44.1,26.0,0,0
Bahrain Grand Prix,ALO,8,1,SOFT,8,0.2286,88.971,13,3.863,2.632,30.9,29.6,0,0
Bahrain Grand Prix,ALO,9,1,SOFT,9,0.2571,89.223,15,3.026,3.996,33.1,27.3,0,0
Bahrain Grand Prix,ALO,10,1,SOFT,10,0.2857,89.355,7,1.134,3.301,41.7,25.8,0,0
Bahrain Grand Prix,ALO,11,1,SOFT,11,0.3143,89.459,8,4.579,1.237,39.6,28.1,0,0
Bahrain Grand Prix,ALO,12,1,SOFT,12,0.3429,89.365,15,4.629,1.807,37.0,28.9,0,0
Bahrain Grand Prix,ALO,13,1,SOFT,13,0.3714,89.458,17,4.688,2.738,33.5,20.4,0,0
Bahrain Grand Prix,ALO,14,1,SOFT,14,0.4,89.655,1,4.811,2.883,33.6,25.0,0,0
Bahrain Grand Prix,ALO,15,1,SOFT,15,0.4286,89.565,6,4.679,3.924,38.2,21.8,0,0
Bahrain Grand Prix,ALO,16,1,SOFT,16,0.4571,89.834,3,1.246,2.505,33.1,20.5,0,0
Bahrain Grand Prix,ALO,17,1,SOFT,17,0.4857,89.969,12,4.823,1.386,44.3,29.9,0,0
Bahrain Grand Prix,ALO,18,1,SOFT,18,0.5143,90.03,12,1.668,2.466,38.9,20.7,0,0
Bahrain Grand Prix,ALO,19,1,SOFT,19,0.5429,90.058,4,4.232,3.795,35.3,27.0,0,0
Bahrain Grand Prix,ALO,20,1,SOFT,20,0.5714,90.108,11,2.847,4.898,41.4,21.6,0,0
Bahrain Grand Prix,ALO,21,1,SOFT,21,0.6,90.629,15,1.544,2.562,41.7,29.6,0,0
Bahrain Grand Prix,ALO,22,1,SOFT,22,0.6286,90.21,18,3.972,2.745,30.2,20.1,0,1
Bahrain Grand Prix,ALO,23,1,SOFT,23,0.6571,90.492,10,4.121,0.707,42.1,21.8,1,0
Bahrain Grand Prix,ALO,24,2,HARD,1,0.0286,89.326,8,4.137,1.642,33.7,24.0,0,0
Bahrain Grand Prix,ALO,25,2,HARD,2,0.0571,90.331,7,2.173,2.266,41.3,29.2,0,0
Bahrain Grand Prix,ALO,26,2,HARD,3,0.0857,89.172,17,2.5,1.74,39.3,29.9,0,0
Bahrain Grand Prix,ALO,27,2,HARD,4,0.1143,89.929,18,3.455,1.582,32.9,29.2,0,0
Bahrain Grand Prix,ALO,28,2,HARD,5,0.1429,89.218,10,4.279,3.883,33.4,29.6,0,0
Bahrain Grand Prix,ALO,29,2,HARD,6,0.1714,89.888,9,4.777,3.117,36.5,25.8,0,0
Bahrain Grand Prix,ALO,30,2,HARD,7,0.2,89.641,3,1.969,4.278,32.2,24.3,0,0
Bahrain Grand Prix,ALO,31,2,HARD,8,0.2286,90.293,10,4.5,2.95,33.1,22.6,0,0
Bahrain Grand Prix,ALO,32,2,HARD,9,0.2571,89.884,16,1.992,4.348,33.1,20.7,0,0
Bahrain Grand Prix,ALO,33,2,HARD,10,0.2857,89.446,8,0.714,3.77,41.6,23.5,0,0
Bahrain Grand Prix,ALO,34,2,HARD,11,0.3143,90.227,4,1.182,4.441,38.1,22.8,0,0
Bahrain Grand Prix,ALO,35,2,HARD,12,0.3429,90.131,9,0.5,2.375,37.8,20.5,0,0
Bahrain Grand Prix,ALO,36,2,HARD,13,0.3714,90.317,10,1.403,1.416,30.2,24.4,0,0
Bahrain Grand Prix,ALO,37,2,HARD,14,0.4,90.269,19,3.484,3.839,42.7,24.2,0,0
Bahrain Grand Prix,ALO,38,2,HARD,15,0.4286,90.256,18,4.532,4.181,33.8,22.7,0,0
Bahrain Grand Prix,ALO,39,2,HARD,16,0.4571,90.488,15,4.13,4.932,41.3,23.9,0,0
Bahrain Grand Prix,ALO,40,2,HARD,17,0.4857,90.451,8,3.475,0.853,38.2,27.1,0,0
Bahrain Grand Prix,ALO,41,2,HARD,18,0.5143,90.858,9,1.71,3.328,37.2,23.6,0,0
Bahrain Grand Prix,ALO,42,2,HARD,19,0.5429,90.675,16,1.835,3.715,41.4,21.0,0,0
Bahrain Grand Prix,ALO,43,2,HARD,20,0.5714,91.396,4,4.876,2.52,32.4,21.8,0,0
Bahrain Grand Prix,ALO,44,2,HARD,21,0.6,91.755,7,2.578,4.644,40.4,27.3,0,0
Bahrain Grand Prix,ALO,45,2,HARD,22,0.6286,90.952,9,1.379,2.054,35.0,29.8,0,0
Bahrain Grand Prix,ALO,46,2,HARD,23,0.6571,91.307,3,1.035,3.941,40.1,24.4,0,0
Bahrain Grand Prix,ALO,47,2,HARD,24,0.6857,90.747,15,2.78,2.243,43.6,20.2,0,0
Bahrain Grand Prix,ALO,48,2,HARD,25,0.7143,91.421,11,4.275,0.551,40.6,29.7,0,0
Bahrain Grand Prix,ALO,49,2,HARD,26,0.7429,90.998,19,3.678,2.904,38.1,24.3,0,0
Bahrain Grand Prix,ALO,50,2,HARD,27,0.7714,91.368,5,3.733,4.382,32.7,28.0,0,0
Bahrain Grand Prix,ALO,51,2,HARD,28,0.8,90.999,11,4.394,1.208,34.6,22.9,0,0
Bahrain Grand Prix,ALO,52,2,HARD,29,0.8286,91.892,19,2.757,0.819,34.7,29.4,0,0
Bahrain Grand Prix,ALO,53,2,HARD,30,0.8571,91.361,8,0.733,2.97,34.3,23.1,0,0
Bahrain Grand Prix,ALO,54,2,HARD,31,0.8857,91.948,12,3.296,2.003,41.0,24.0,0,0
Bahrain Grand Prix,ALO,55,2,HARD,32,0.9143,91.724,19,3.549,0.824,33.1,23.8,0,0
Bahrain Grand Prix,STR,1,1,SOFT,1,0.0286,90.182,14,4.014,4.034,39.0,29.9,0,0
Bahrain Grand Prix,STR,2,1,SOFT,2,0.0571,90.795,9,4.912,0.804,37.8,21.8,0,0
Bahrain Grand Prix,STR,3,1,SOFT,3,0.0857,90.727,6,2.965,4.905,38.3,21.9,0,0
Bahrain Grand Prix,STR,4,1,SOFT,4,0.1143,90.512,17,2.289,1.689,33.1,24.8,0,0
Bahrain Grand Prix,STR,5,1,SOFT,5,0.1429,91.023,16,3.338,2.973,40.3,21.4,0,0
Bahrain Grand Prix,STR,6,1,SOFT,6,0.1714,90.713,15,4.781,1.838,31.4,26.0,0,0
Bahrain Grand Prix,STR,7,1,SOFT,7,0.2,91.175,3,3.418,1.703,30.2,29.7,0,0
Bahrain Grand Prix,STR,8,1,SOFT,8,0.2286,91.372,1,3.524,3.126,37.9,22.5,0,0
Bahrain Grand Prix,STR,9,1,SOFT,9,0.2571,90.962,2,4.397,4.76,31.6,21.5,0,0
Bahrain Grand Prix,STR,10,1,SOFT,10,0.2857,91.275,4,3.655,3.561,36.1,20.2,0,0
Bahrain Grand Prix,STR,11,1,SOFT,11,0.3143,91.478,4,4.713,2.939,44.1,22.2,0,0
Bahrain Grand Prix,STR,12,1,SOFT,12,0.3429,91.679,6,4.897,0.959,30.1,24.3,0,0
Bahrain Grand Prix,STR,13,1,SOFT,13,0.3714,91.934,3,4.505,0.879,42.1,28.6,0,0
Bahrain Grand Prix,STR,14,1,SOFT,14,0.4,91.663,19,3.153,3.26,39.6,22.4,0,0
Bahrain Grand Prix,STR,15,1,SOFT,15,0.4286,92.066,13,0.911,1.397,43.2,27.4,0,0
Bahrain Grand Prix,STR,16,1,SOFT,16,0.4571,91.634,16,4.6,2.097,36.4,22.2,0,0
Bahrain Grand Prix,STR,17,1,SOFT,17,0.4857,91.671,1,3.528,0.865,44.3,28.4,0,0
Bahrain Grand Prix,STR,18,1,SOFT,18,0.5143,92.094,13,4.04,2.289,37.7,22.5,0,0
Bahrain Grand Prix,STR,19,1,SOFT,19,0.5429,92.167,14,1.812,3.968,36.4,22.1,0,0
Bahrain Grand Prix,STR,20,1,SOFT,20,0.5714,91.98,1,4.529,3.499,41.8,24.5,0,0
Bahrain Grand Prix,STR,21,1,SOFT,21,0.6,92.478,11,3.371,4.251,37.5,25.4,0,0
Bahrain Grand Prix,STR,22,1,SOFT,22,0.6286,92.385,18,4.211,1.816,36.7,20.2,0,1
Bahrain Grand Prix,STR,23,1,SOFT,23,0.6571,92.249,4,3.156,2.334,37.0,20.3,1,0
Bahrain Grand Prix,STR,24,2,HARD,1,0.0286,91.239,3,2.344,3.448,33.9,21.6,0,0
Bahrain Grand Prix,STR,25,2,HARD,2,0.0571,91.264,16,2.824,4.039,44.1,27.5,0,0
Bahrain Grand Prix,STR,26,2,HARD,3,0.0857,91.771,19,0.997,1.801,34.6,22.5,0,0
Bahrain Grand Prix,STR,27,2,HARD,4,0.1143,91.786,10,2.91,2.106,35.3,28.3,0,0
Bahrain Grand Prix,STR,28,2,HARD,5,0.1429,91.562,5,1.97,2.095,37.6,29.4,0,0
Bahrain Grand Prix,STR,29,2,HARD,6,0.1714,92.061,1,1.934,4.566,31.2,28.3,0,0
Bahrain Grand Prix,STR,30,2,HARD,7,0.2,91.966,5,3.546,4.271,42.9,27.5,0,0
Bahrain Grand Prix,STR,31,2,HARD,8,0.2286,91.43,9,1.222,3.531,32.7,26.9,0,0
Bahrain Grand Prix,STR,32,2,HARD,9,0.2571,91.945,17,3.833,4.383,38.0,27.9,0,0
Bahrain Grand Prix,STR,33,2,HARD,10,0.2857,92.055,1,2.054,2.364,41.0,28.8,0,0
Bahrain Grand Prix,STR,34,2,HARD,11,0.3143,92.288,19,1.501,2.837,39.1,22.5,0,0
Bahrain Grand Prix,STR,35,2,HARD,12,0.3429,92.069,15,2.26,1.554,33.3,29.6,0,0
Bahrain Grand Prix,STR,36,2,HARD,13,0.3714,92.624,15,3.892,4.422,40.2,24.1,0,0
Bahrain Grand Prix,STR,37,2,HARD,14,0.4,92.971,10,1.273,2.751,36.2,28.7,0,0
Bahrain Grand Prix,STR,38,2,HARD,15,0.4286,92.666,13,3.635,2.731,44.0,24.4,0,0
Bahrain Grand Prix,STR,39,2,HARD,16,0.4571,93.164,17,1.428,2.263,43.4,22.0,0,0
Bahrain Grand Prix,STR,40,2,HARD,17,0.4857,92.018,17,3.251,4.358,40.1,24.1,0,0
Bahrain Grand Prix,STR,41,2,HARD,18,0.5143,92.834,11,3.599,1.64,30.1,27.2,0,0
Bahrain Grand Prix,STR,42,2,HARD,19,0.5429,93.16,16,1.415,1.073,34.3,25.3,0,0
Bahrain Grand Prix,STR,43,2,HARD,20,0.5714,92.962,19,4.193,2.321,37.3,20.1,0,0
Bahrain Grand Prix,STR,44,2,HARD,21,0.6,93.449,18,4.558,1.416,31.0,28.8,0,0
Bahrain Grand Prix,STR,45,2,HARD,22,0.6286,92.821,12,1.318,3.844,42.7,25.5,0,0
Bahrain Grand Prix,STR,46,2,HARD,23,0.6571,93.16,13,4.117,2.451,45.0,25.6,0,0
Bahrain Grand Prix,STR,47,2,HARD,24,0.6857,93.338,3,1.491,2.077,35.6,20.7,0,0
Bahrain Grand Prix,STR,48,2,HARD,25,0.7143,93.178,11,3.455,3.689,30.1,22.2,0,0
Bahrain Grand Prix,STR,49,2,HARD,26,0.7429,92.858,17,2.18,3.344,31.4,21.0,0,0
Bahrain Grand Prix,STR,50,2,HARD,27,0.7714,93.515,9,3.127,4.019,41.3,28.0,0,0
Saudi Arabian Grand Prix,VER,1,1,SOFT,1,0.0286,90.417,7,3.481,2.061,35.9,21.6,0,0
Saudi Arabian Grand Prix,VER,2,1,SOFT,2,0.0571,90.802,4,4.337,2.937,41.4,23.1,0,0
Saudi Arabian Grand Prix,VER,3,1,SOFT,3,0.0857,90.355,13,3.707,2.238,38.8,21.9,0,0
Saudi Arabian Grand Prix,VER,4,1,SOFT,4,0.1143,91.06,12,3.76,3.856,38.4,25.8,0,0
Saudi Arabian Grand Prix,VER,5,1,SOFT,5,0.1429,90.953,18,2.223,4.198,39.9,28.0,0,0
Saudi Arabian Grand Prix,VER,6,1,SOFT,6,0.1714,91.194,15,3.365,3.867,33.4,25.3,0,0
Saudi Arabian Grand Prix,VER,7,1,SOFT,7,0.2,90.767,14,1.484,3.179,34.0,26.6,0,0
Saudi Arabian Grand Prix,VER,8,1,SOFT,8,0.2286,91.26,6,4.04,3.981,41.2,21.5,0,0
Saudi Arabian Grand Prix,VER,9,1,SOFT,9,0.2571,91.358,8,0.64,1.668,30.5,28.8,0,0
Saudi Arabian Grand Prix,VER,10,1,SOFT,10,0.2857,91.369,14,3.501,1.954,43.5,28.9,0,0
Saudi Arabian Grand Prix,VER,11,1,SOFT,11,0.3143,90.971,8,3.813,2.464,40.0,20.9,0,0
Saudi Arabian Grand Prix,VER,12,1,SOFT,12,0.3429,91.628,6,0.927,4.995,34.9,27.5,0,0
Saudi Arabian Grand Prix,VER,13,1,SOFT,13,0.3714,91.669,10,0.526,2.596,38.6,23.0,0,1
Saudi Arabian Grand Prix,VER,14,1,SOFT,14,0.4,91.645,11,2.122,4.027,38.5,23.1,1,0
Saudi Arabian Grand Prix,VER,15,2,HARD,1,0.0286,91.345,16,1.905,0.571,30.3,29.2,0,0
Saudi Arabian Grand Prix,VER,16,2,HARD,2,0.0571,91.184,15,2.802,0.524,44.1,24.1,0,0
Saudi Arabian Grand Prix,VER,17,2,HARD,3,0.0857,91.8,10,2.258,0.812,39.6,27.3,0,0
Saudi Arabian Grand Prix,VER,18,2,HARD,4,0.1143,91.392,16,3.186,4.677,43.9,23.4,0,0
Saudi Arabian Grand Prix,VER,19,2,HARD,5,0.1429,91.784,5,3.349,2.612,36.6,24.9,0,0
Saudi Arabian Grand Prix,VER,20,2,HARD,6,0.1714,91.732,6,3.169,0.74,36.8,26.7,0,0
Saudi Arabian Grand Prix,VER,21,2,HARD,7,0.2,92.123,18,0.995,4.663,39.5,20.5,0,0
Saudi Arabian Grand Prix,VER,22,2,HARD,8,0.2286,91.966,10,2.996,3.865,42.2,24.1,0,0
Saudi Arabian Grand Prix,VER,23,2,HARD,9,0.2571,92.015,8,3.673,2.548,40.0,28.4,0,0
Saudi Arabian Grand Prix,VER,24,2,HARD,10,0.2857,92.213,11,2.541,2.547,40.3,29.1,0,0
Saudi Arabian Grand Prix,VER,25,2,HARD,11,0.3143,92.495,13,1.192,3.077,34.2,29.2,0,0
Saudi Arabian Grand Prix,VER,26,2,HARD,12,0.3429,92.681,8,3.173,3.662,31.0,22.3,0,0
Saudi Arabian Grand Prix,VER,27,2,HARD,13,0.3714,92.715,17,3.231,4.464,43.2,26.6,0,0
Saudi Arabian Grand Prix,VER,28,2,HARD,14,0.4,92.509,15,3.576,2.189,42.0,28.8,0,0
Saudi Arabian Grand Prix,VER,29,2,HARD,15,0.4286,92.397,9,4.988,0.635,43.5,26.2,0,0
Saudi Arabian Grand Prix,VER,30,2,HARD,16,0.4571,92.553,14,2.009,0.802,44.6,28.2,0,0
Saudi Arabian Grand Prix,VER,31,2,HARD,17,0.4857,92.756,10,4.721,0.883,35.8,20.7,0,0
Saudi Arabian Grand Prix,VER,32,2,HARD,18,0.5143,92.557,18,1.709,0.954,32.5,21.5,0,0
Saudi Arabian Grand Prix,VER,33,2,HARD,19,0.5429,92.626,3,4.934,1.247,31.7,20.1,0,0
Saudi Arabian Grand Prix,VER,34,2,HARD,20,0.5714,92.779,8,1.489,0.592,42.4,23.7,0,0
Saudi Arabian Grand Prix,VER,35,2,HARD,21,0.6,92.841,4,3.533,0.782,33.2,28.1,0,1
Saudi Arabian Grand Prix,VER,36,2,HARD,22,0.6286,92.939,2,4.232,3.68,39.3,21.6,1,0
Saudi Arabian Grand Prix,VER,37,3,MEDIUM,1,0.0286,90.73,6,4.013,1.866,34.7,20.0,0,0
Saudi Arabian Grand Prix,VER,38,3,MEDIUM,2,0.0571,91.071,1,2.568,1.879,42.3,20.6,0,0
Saudi Arabian Grand Prix,VER,39,3,MEDIUM,3,0.0857,91.097,2,2.563,3.763,38.6,26.7,0,0
Saudi Arabian Grand Prix,VER,40,3,MEDIUM,4,0.1143,91.322,15,0.702,1.069,38.4,27.7,0,0
Saudi Arabian Grand Prix,VER,41,3,MEDIUM,5,0.1429,91.374,8,2.172,1.378,37.3,27.4,0,0
Saudi Arabian Grand Prix,VER,42,3,MEDIUM,6,0.1714,90.531,19,3.461,1.027,42.0,21.2,0,0
Saudi Arabian Grand Prix,VER,43,3,MEDIUM,7,0.2,91.075,7,2.543,3.931,31.9,22.0,0,0
Saudi Arabian Grand Prix,VER,44,3,MEDIUM,8,0.2286,91.998,14,3.401,1.534,38.3,23.7,0,0
Saudi Arabian Grand Prix,VER,45,3,MEDIUM,9,0.2571,92.008,6,1.092,4.346,32.5,28.5,0,0
Saudi Arabian Grand Prix,VER,46,3,MEDIUM,10,0.2857,91.038,16,1.786,4.672,44.5,25.7,0,0
Saudi Arabian Grand Prix,VER,47,3,MEDIUM,11,0.3143,91.698,6,2.185,4.09,35.5,20.9,0,0
Saudi Arabian Grand Prix,VER,48,3,MEDIUM,12,0.3429,92.137,5,1.288,3.527,33.3,22.2,0,0
Saudi Arabian Grand Prix,VER,49,3,MEDIUM,13,0.3714,91.97,7,3.15,3.883,39.4,26.0,0,0
Saudi Arabian Grand Prix,VER,50,3,MEDIUM,14,0.4,91.965,17,1.184,2.562,35.3,20.9,0,0
Saudi Arabian Grand Prix,VER,51,3,MEDIUM,15,0.4286,91.949,8,4.643,0.68,34.4,22.1,0,0
Saudi Arabian Grand Prix,HAM,1,1,SOFT,1,0.0286,89.793,2,3.922,2.808,40.6,29.4,0,0
Saudi Arabian Grand Prix,HAM,2,1,SOFT,2,0.0571,90.14,18,2.29,4.224,32.6,20.3,0,0
Saudi Arabian Grand Prix,HAM,3,1,SOFT,3,0.0857,89.955,8,1.52,3.515,37.0,27.7,0,0
Saudi Arabian Grand Prix,HAM,4,1,SOFT,4,0.1143,89.908,1,4.338,4.678,44.9,28.0,0,0
Saudi Arabian Grand Prix,HAM,5,1,SOFT,5,0.1429,90.071,15,2.596,3.98,43.7,21.9,0,0
Saudi Arabian Grand Prix,HAM,6,1,SOFT,6,0.1714,90.519,12,2.209,4.107,35.9,27.5,0,0
Saudi Arabian Grand Prix,HAM,7,1,SOFT,7,0.2,90.506,8,4.681,2.243,31.0,20.2,0,0
Saudi Arabian Grand Prix,HAM,8,1,SOFT,8,0.2286,90.394,19,2.861,3.989,33.5,23.5,0,0
Saudi Arabian Grand Prix,HAM,9,1,SOFT,9,0.2571,90.712,17,3.44,1.365,34.4,26.2,0,0
Saudi Arabian Grand Prix,HAM,10,1,SOFT,10,0.2857,90.714,5,4.482,3.826,34.2,22.8,0,0
Saudi Arabian Grand Prix,HAM,11,1,SOFT,11,0.3143,90.993,14,4.075,1.752,32.1,23.1,0,0
Saudi Arabian Grand Prix,HAM,12,1,SOFT,12,0.3429,91.085,1,0.9,4.963,38.1,29.8,0,0
Saudi Arabian Grand Prix,HAM,13,1,SOFT,13,0.3714,90.886,6,0.778,0.916,32.4,26.0,0,0
Saudi Arabian Grand Prix,HAM,14,1,SOFT,14,0.4,91.161,14,2.52,4.61,32.8,20.1,0,0
Saudi Arabian Grand Prix,HAM,15,1,SOFT,15,0.4286,90.737,19,4.57,4.178,41.4,20.6,0,1
Saudi Arabian Grand Prix,HAM,16,1,SOFT,16,0.4571,91.359,15,2.581,4.392,33.7,27.2,1,0
Saudi Arabian Grand Prix,HAM,17,2,HARD,1,0.0286,90.649,12,4.591,1.912,40.4,22.7,0,0
Saudi Arabian Grand Prix,HAM,18,2,HARD,2,0.0571,91.064,2,1.331,2.039,36.4,28.3,0,0
Saudi Arabian Grand Prix,HAM,19,2,HARD,3,0.0857,90.993,1,1.026,3.57,44.2,21.4,0,0
Saudi Arabian Grand Prix,HAM,20,2,HARD,4,0.1143,90.843,15,2.452,1.24,31.7,25.5,0,0
Saudi Arabian Grand Prix,HAM,21,2,HARD,5,0.1429,90.996,15,0.568,3.116,31.6,28.7,0,0
Saudi Arabian Grand Prix,HAM,22,2,HARD,6,0.1714,91.324,8,3.457,4.543,36.0,23.3,0,0
Saudi Arabian Grand Prix,HAM,23,2,HARD,7,0.2,91.195,13,0.84,2.127,31.4,25.9,0,0
Saudi Arabian Grand Prix,HAM,24,2,HARD,8,0.2286,91.329,5,0.803,3.177,41.1,20.3,0,0
Saudi Arabian Grand Prix,HAM,25,2,HARD,9,0.2571,91.491,12,4.429,4.053,41.2,25.6,0,0
Saudi Arabian Grand Prix,HAM,26,2,HARD,10,0.2857,91.985,9,0.643,4.019,33.6,21.4,0,0
Saudi Arabian Grand Prix,HAM,27,2,HARD,11,0.3143,91.169,5,3.263,1.638,38.7,23.6,0,0
Saudi Arabian Grand Prix,HAM,28,2,HARD,12,0.3429,91.657,15,4.193,2.648,35.3,23.6,0,0
Saudi Arabian Grand Prix,HAM,29,2,HARD,13,0.3714,91.559,13,0.881,2.6,37.2,28.4,0,0
Saudi Arabian Grand Prix,HAM,30,2,HARD,14,0.4,92.045,14,1.322,1.128,38.6,27.6,0,0
Saudi Arabian Grand Prix,HAM,31,2,HARD,15,0.4286,91.687,3,0.575,3.556,31.1,24.2,0,0
Saudi Arabian Grand Prix,HAM,32,2,HARD,16,0.4571,92.169,2,0.647,2.64,36.1,21.6,0,0
Saudi Arabian Grand Prix,HAM,33,2,HARD,17,0.4857,92.065,17,4.676,4.302,33.4,22.4,0,0
Saudi Arabian Grand Prix,HAM,34,2,HARD,18,0.5143,92.119,15,3.258,4.723,39.9,20.8,0,0
Saudi Arabian Grand Prix,HAM,35,2,HARD,19,0.5429,92.364,16,0.711,1.938,36.6,29.0,0,0
Saudi Arabian Grand Prix,HAM,36,2,HARD,20,0.5714,91.753,18,0.976,2.097,36.2,26.8,0,0
Saudi Arabian Grand Prix,HAM,37,2,HARD,21,0.6,92.206,15,1.796,3.003,30.4,29.1,0,1
Saudi Arabian Grand Prix,HAM,38,2,HARD,22,0.6286,92.476,4,2.386,1.257,43.2,25.6,1,0
Saudi Arabian Grand Prix,HAM,39,3,MEDIUM,1,0.0286,90.349,11,1.681,1.909,42.5,20.5,0,0
Saudi Arabian Grand Prix,HAM,40,3,MEDIUM,2,0.0571,90.031,12,4.624,3.359,39.4,24.0,0,0
Saudi Arabian Grand Prix,HAM,41,3,MEDIUM,3,0.0857,90.556,5,4.014,2.292,36.7,28.9,0,0
Saudi Arabian Grand Prix,HAM,42,3,MEDIUM,4,0.1143,90.993,5,0.536,4.744,33.6,21.1,0,0
Saudi Arabian Grand Prix,HAM,43,3,MEDIUM,5,0.1429,90.666,10,4.299,2.678,37.7,23.1,0,0
Saudi Arabian Grand Prix,HAM,44,3,MEDIUM,6,0.1714,91.14,6,1.963,0.677,34.1,20.1,0,0
Saudi Arabian Grand Prix,HAM,45,3,MEDIUM,7,0.2,91.202,5,4.357,4.192,36.6,21.3,0,0
Saudi Arabian Grand Prix,HAM,46,3,MEDIUM,8,0.2286,90.732,16,3.287,2.545,41.7,30.0,0,0
Saudi Arabian Grand Prix,HAM,47,3,MEDIUM,9,0.2571,90.941,18,1.042,4.723,32.7,26.2,0,0
Saudi Arabian Grand Prix,HAM,48,3,MEDIUM,10,0.2857,90.724,15,2.389,2.736,43.8,27.8,0,0
Saudi Arabian Grand Prix,HAM,49,3,MEDIUM,11,0.3143,91.192,15,3.908,4.541,31.3,23.9,0,0
Saudi Arabian Grand Prix,HAM,50,3,MEDIUM,12,0.3429,90.961,9,0.736,1.218,35.0,20.8,0,0
Saudi Arabian Grand Prix,HAM,51,3,MEDIUM,13,0.3714,91.464,13,1.871,1.69,34.2,22.8,0,0
Saudi Arabian Grand Prix,LEC,1,1,SOFT,1,0.0286,88.11,17,0.544,4.361,41.0,29.5,0,0
Saudi Arabian Grand Prix,LEC,2,1,SOFT,2,0.0571,88.145,15,0.681,3.148,36.0,29.7,0,0
Saudi Arabian Grand Prix,LEC,3,1,SOFT,3,0.0857,88.659,2,0.778,2.909,38.5,27.5,0,0
Saudi Arabian Grand Prix,LEC,4,1,SOFT,4,0.1143,88.487,8,0.919,2.347,32.5,22.2,0,0
Saudi Arabian Grand Prix,LEC,5,1,SOFT,5,0.1429,88.281,17,1.517,4.178,44.0,21.0,0,0
Saudi Arabian Grand Prix,LEC,6,1,SOFT,6,0.1714,88.141,12,1.793,1.759,35.0,26.6,0,0
Saudi Arabian Grand Prix,LEC,7,1,SOFT,7,0.2,88.565,5,3.774,2.68,40.4,25.5,0,0
Saudi Arabian Grand Prix,LEC,8,1,SOFT,8,0.2286,88.635,5,3.921,1.193,32.2,22.7,0,0
Saudi Arabian Grand Prix,LEC,9,1,SOFT,9,0.2571,88.719,4,2.335,1.065,32.6,28.3,0,0
Saudi Arabian Grand Prix,LEC,10,1,SOFT,10,0.2857,88.514,2,1.37,3.387,33.9,28.9,0,0
Saudi Arabian Grand Prix,LEC,11,1,SOFT,11,0.3143,89.269,15,1.838,1.535,36.2,22.4,0,0
Saudi Arabian Grand Prix,LEC,12,1,SOFT,12,0.3429,89.361,9,2.955,0.975,30.7,26.6,0,0
Saudi Arabian Grand Prix,LEC,13,1,SOFT,13,0.3714,89.326,11,2.122,3.521,34.1,20.8,0,0
Saudi Arabian Grand Prix,LEC,14,1,SOFT,14,0.4,89.429,19,4.933,3.956,36.5,24.5,0,0
Saudi Arabian Grand Prix,LEC,15,1,SOFT,15,0.4286,89.636,2,1.986,3.039,42.8,22.0,0,0
Saudi Arabian Grand Prix,LEC,16,1,SOFT,16,0.4571,89.484,1,1.081,0.948,39.0,25.2,0,0
Saudi Arabian Grand Prix,LEC,17,1,SOFT,17,0.4857,89.624,12,0.681,4.505,44.9,22.9,0,0
Saudi Arabian Grand Prix,LEC,18,1,SOFT,18,0.5143,89.763,2,3.211,2.802,30.9,22.9,0,0
Saudi Arabian Grand Prix,LEC,19,1,SOFT,19,0.5429,89.497,18,3.532,4.311,34.9,26.8,0,0
Saudi Arabian Grand Prix,LEC,20,1,SOFT,20,0.5714,90.174,16,0.524,0.506,35.7,21.4,0,0
Saudi Arabian Grand Prix,LEC,21,1,SOFT,21,0.6,90.218,10,3.616,1.55,39.4,27.5,0,0
Saudi Arabian Grand Prix,LEC,22,1,SOFT,22,0.6286,89.989,18,0.702,3.804,35.1,24.8,0,1
Saudi Arabian Grand Prix,LEC,23,1,SOFT,23,0.6571,89.751,2,2.351,1.069,30.4,26.2,1,0
Saudi Arabian Grand Prix,LEC,24,2,HARD,1,0.0286,89.146,7,3.341,2.419,38.2,21.7,0,0
Saudi Arabian Grand Prix,LEC,25,2,HARD,2,0.0571,89.215,2,3.487,4.844,30.8,28.9,0,0
Saudi Arabian Grand Prix,LEC,26,2,HARD,3,0.0857,89.603,10,2.96,4.279,31.9,28.0,0,0
Saudi Arabian Grand Prix,LEC,27,2,HARD,4,0.1143,89.765,12,1.178,4.332,44.9,27.3,0,0
Saudi Arabian Grand Prix,LEC,28,2,HARD,5,0.1429,88.96,13,3.558,4.757,34.4,20.0,0,0
Saudi Arabian Grand Prix,LEC,29,2,HARD,6,0.1714,89.656,16,1.481,3.478,39.5,25.9,0,0
Saudi Arabian Grand Prix,LEC,30,2,HARD,7,0.2,89.809,14,1.073,1.068,42.2,29.2,0,0
Saudi Arabian Grand Prix,LEC,31,2,HARD,8,0.2286,89.286,15,2.745,1.932,43.4,26.4,0,0
Saudi Arabian Grand Prix,LEC,32,2,HARD,9,0.2571,89.425,11,0.5,3.705,35.3,22.5,0,0
Saudi Arabian Grand Prix,LEC,33,2,HARD,10,0.2857,89.492,8,4.525,4.206,43.5,25.5,0,0
Saudi Arabian Grand Prix,LEC,34,2,HARD,11,0.3143,89.727,2,3.232,2.249,33.6,20.9,0,0
Saudi Arabian Grand Prix,LEC,35,2,HARD,12,0.3429,90.216,12,0.935,1.296,44.8,24.4,0,0
Saudi Arabian Grand Prix,LEC,36,2,HARD,13,0.3714,90.265,3,4.511,2.587,34.8,24.8,0,0
Saudi Arabian Grand Prix,LEC,37,2,HARD,14,0.4,90.1,1,2.312,3.526,40.2,23.2,0,0
Saudi Arabian Grand Prix,LEC,38,2,HARD,15,0.4286,90.242,3,3.5,1.038,38.6,22.6,0,0
Saudi Arabian Grand Prix,LEC,39,2,HARD,16,0.4571,90.003,7,4.428,2.75,41.0,26.2,0,0
Saudi Arabian Grand Prix,LEC,40,2,HARD,17,0.4857,90.203,13,4.325,1.383,31.9,29.6,0,0
Saudi Arabian Grand Prix,LEC,41,2,HARD,18,0.5143,89.963,16,1.77,1.841,34.2,27.7,0,0
Saudi Arabian Grand Prix,LEC,42,2,HARD,19,0.5429,90.732,19,3.135,2.95,33.5,26.4,0,0
Saudi Arabian Grand Prix,LEC,43,2,HARD,20,0.5714,90.674,11,0.687,2.742,40.3,22.5,0,0
Saudi Arabian Grand Prix,LEC,44,2,HARD,21,0.6,90.866,1,4.897,2.951,32.0,28.9,0,0
Saudi Arabian Grand Prix,LEC,45,2,HARD,22,0.6286,90.331,7,3.384,2.598,32.8,27.0,0,0
Saudi Arabian Grand Prix,LEC,46,2,HARD,23,0.6571,90.291,5,0.594,1.921,30.9,27.7,0,0
Saudi Arabian Grand Prix,LEC,47,2,HARD,24,0.6857,91.08,4,2.282,3.903,36.8,24.1,0,0
Saudi Arabian Grand Prix,LEC,48,2,HARD,25,0.7143,91.012,15,2.055,4.171,37.0,20.8,0,0
Saudi Arabian Grand Prix,LEC,49,2,HARD,26,0.7429,90.793,14,1.229,3.461,45.0,24.5,0,0
Saudi Arabian Grand Prix,LEC,50,2,HARD,27,0.7714,90.829,15,2.534,4.936,30.0,26.1,0,0
Saudi Arabian Grand Prix,NOR,1,1,MEDIUM,1,0.0286,88.304,10,3.787,1.109,33.0,21.8,0,0
Saudi Arabian Grand Prix,NOR,2,1,MEDIUM,2,0.0571,88.851,18,2.307,2.021,31.9,23.9,0,0
Saudi Arabian Grand Prix,NOR,3,1,MEDIUM,3,0.0857,88.458,2,0.671,3.29,40.5,22.1,0,0
Saudi Arabian Grand Prix,NOR,4,1,MEDIUM,4,0.1143,88.935,3,1.024,1.644,34.4,25.3,0,0
Saudi Arabian Grand Prix,NOR,5,1,MEDIUM,5,0.1429,88.944,11,3.046,4.586,35.9,23.0,0,0
Saudi Arabian Grand Prix,NOR,6,1,MEDIUM,6,0.1714,89.107,4,3.265,2.856,34.8,24.7,0,0
Saudi Arabian Grand Prix,NOR,7,1,MEDIUM,7,0.2,89.187,9,4.228,0.861,37.2,26.3,0,0
Saudi Arabian Grand Prix,NOR,8,1,MEDIUM,8,0.2286,89.409,7,3.553,1.954,44.8,23.3,0,0
Saudi Arabian Grand Prix,NOR,9,1,MEDIUM,9,0.2571,89.508,6,3.749,0.681,36.1,25.2,0,0
Saudi Arabian Grand Prix,NOR,10,1,MEDIUM,10,0.2857,89.616,10,2.666,4.144,44.3,20.2,0,0
Saudi Arabian Grand Prix,NOR,11,1,MEDIUM,11,0.3143,89.557,9,4.432,0.558,33.4,25.7,0,0
Saudi Arabian Grand Prix,NOR,12,1,MEDIUM,12,0.3429,89.903,7,2.214,0.746,39.0,29.0,0,0
Saudi Arabian Grand Prix,NOR,13,1,MEDIUM,13,0.3714,89.286,12,3.885,4.575,42.5,22.0,0,0
Saudi Arabian Grand Prix,NOR,14,1,MEDIUM,14,0.4,89.422,4,2.089,4.099,38.3,28.3,0,0
Saudi Arabian Grand Prix,NOR,15,1,MEDIUM,15,0.4286,89.779,6,2.598,2.504,30.2,22.5,0,0
Saudi Arabian Grand Prix,NOR,16,1,MEDIUM,16,0.4571,89.898,19,3.315,3.072,32.8,20.6,0,0
Saudi Arabian Grand Prix,NOR,17,1,MEDIUM,17,0.4857,90.036,5,3.937,2.855,33.4,26.7,0,0
Saudi Arabian Grand Prix,NOR,18,1,MEDIUM,18,0.5143,90.058,15,1.143,3.84,33.7,26.0,0,0
Saudi Arabian Grand Prix,NOR,19,1,MEDIUM,19,0.5429,89.965,12,2.29,2.803,37.2,23.8,0,0
Saudi Arabian Grand Prix,NOR,20,1,MEDIUM,20,0.5714,90.196,4,0.533,0.616,38.3,25.2,0,1
Saudi Arabian Grand Prix,NOR,21,1,MEDIUM,21,0.6,90.373,3,4.451,3.01,44.4,20.5,1,0
Saudi Arabian Grand Prix,NOR,22,2,HARD,1,0.0286,89.17,5,2.53,1.987,38.8,24.5,0,0
Saudi Arabian Grand Prix,NOR,23,2,HARD,2,0.0571,88.872,17,0.847,1.264,31.9,21.2,0,0
Saudi Arabian Grand Prix,NOR,24,2,HARD,3,0.0857,88.876,11,3.608,3.78,30.7,29.3,0,0
Saudi Arabian Grand Prix,NOR,25,2,HARD,4,0.1143,89.396,11,2.996,0.845,30.1,26.7,0,0
Saudi Arabian Grand Prix,NOR,26,2,HARD,5,0.1429,89.167,15,2.362,3.438,38.7,20.2,0,0
Saudi Arabian Grand Prix,NOR,27,2,HARD,6,0.1714,89.968,2,0.686,4.855,38.2,29.6,0,0
Saudi Arabian Grand Prix,NOR,28,2,HARD,7,0.2,89.599,5,0.936,1.306,42.0,26.8,0,0
Saudi Arabian Grand Prix,NOR,29,2,HARD,8,0.2286,89.431,13,2.638,4.651,31.1,22.8,0,0
Saudi Arabian Grand Prix,NOR,30,2,HARD,9,0.2571,90.061,3,1.962,3.593,44.4,27.3,0,0
Saudi Arabian Grand Prix,NOR,31,2,HARD,10,0.2857,89.689,9,3.338,3.829,39.2,20.2,0,0
Saudi Arabian Grand Prix,NOR,32,2,HARD,11,0.3143,90.058,1,4.247,4.119,43.0,20.6,0,0
Saudi Arabian Grand Prix,NOR,33,2,HARD,12,0.3429,89.875,3,1.13,2.371,38.2,24.0,0,0
Saudi Arabian Grand Prix,NOR,34,2,HARD,13,0.3714,90.125,16,3.348,3.96,44.9,20.1,0,0
Saudi Arabian Grand Prix,NOR,35,2,HARD,14,0.4,90.167,8,1.074,2.341,35.3,23.0,0,0
Saudi Arabian Grand Prix,NOR,36,2,HARD,15,0.4286,90.476,13,3.172,3.09,32.4,24.7,0,0
Saudi Arabian Grand Prix,NOR,37,2,HARD,16,0.4571,90.59,13,1.511,0.811,42.4,22.5,0,0
Saudi Arabian Grand Prix,NOR,38,2,HARD,17,0.4857,90.257,6,1.988,3.851,36.2,22.0,0,0
Saudi Arabian Grand Prix,NOR,39,2,HARD,18,0.5143,90.477,8,3.245,2.697,32.0,22.6,0,0
Saudi Arabian Grand Prix,NOR,40,2,HARD,19,0.5429,91.018,9,1.322,1.936,36.2,29.1,0,0
Saudi Arabian Grand Prix,NOR,41,2,HARD,20,0.5714,90.277,6,0.911,1.934,31.6,21.3,0,0
Saudi Arabian Grand Prix,NOR,42,2,HARD,21,0.6,90.558,19,3.316,2.977,36.1,25.2,0,0
Saudi Arabian Grand Prix,NOR,43,2,HARD,22,0.6286,90.834,1,1.383,0.602,42.9,25.8,0,0
Saudi Arabian Grand Prix,NOR,44,2,HARD,23,0.6571,90.942,19,4.138,3.252,34.4,22.6,0,0
Saudi Arabian Grand Prix,NOR,45,2,HARD,24,0.6857,91.192,10,1.314,1.71,33.0,22.5,0,0
Saudi Arabian Grand Prix,NOR,46,2,HARD,25,0.7143,91.176,6,3.153,0.803,42.5,21.8,0,0
Saudi Arabian Grand Prix,NOR,47,2,HARD,26,0.7429,90.667,10,3.977,3.717,38.7,20.1,0,0
Saudi Arabian Grand Prix,NOR,48,2,HARD,27,0.7714,91.514,4,3.422,3.51,42.0,29.3,0,0
Saudi Arabian Grand Prix,NOR,49,2,HARD,28,0.8,90.876,16,1.998,3.008,40.6,26.6,0,0
Saudi Arabian Grand Prix,NOR,50,2,HARD,29,0.8286,91.41,13,0.585,3.812,33.1,21.3,0,0
Saudi Arabian Grand Prix,NOR,51,2,HARD,30,0.8571,91.481,3,0.721,1.54,43.5,22.6,0,0
Saudi Arabian Grand Prix,NOR,52,2,HARD,31,0.8857,91.407,13,1.443,2.373,35.3,29.1,0,0
Saudi Arabian Grand Prix,NOR,53,2,HARD,32,0.9143,91.514,9,3.92,1.907,36.2,22.1,0,0
Saudi Arabian Grand Prix,NOR,54,2,HARD,33,0.9429,91.694,14,2.183,4.488,32.3,21.5,0,0
Saudi Arabian Grand Prix,SAI,1,1,SOFT,1,0.0286,90.795,13,2.427,3.344,40.9,23.7,0,0
Saudi Arabian Grand Prix,SAI,2,1,SOFT,2,0.0571,90.753,5,1.545,2.324,34.0,22.0,0,0
Saudi Arabian Grand Prix,SAI,3,1,SOFT,3,0.0857,90.814,16,4.154,4.213,41.9,23.2,0,0
Saudi Arabian Grand Prix,SAI,4,1,SOFT,4,0.1143,90.869,19,4.803,2.195,35.1,20.6,0,0
Saudi Arabian Grand Prix,SAI,5,1,SOFT,5,0.1429,91.189,15,1.703,4.156,31.2,26.0,0,0
Saudi Arabian Grand Prix,SAI,6,1,SOFT,6,0.1714,91.897,13,4.364,4.358,41.5,21.5,0,0
Saudi Arabian Grand Prix,SAI,7,1,SOFT,7,0.2,91.019,18,4.753,3.571,35.0,25.0,0,0
Saudi Arabian Grand Prix,SAI,8,1,SOFT,8,0.2286,91.367,19,1.877,0.787,32.7,20.1,0,0
Saudi Arabian Grand Prix,SAI,9,1,SOFT,9,0.2571,91.96,19,4.786,1.98,39.9,27.5,0,0
Saudi Arabian Grand Prix,SAI,10,1,SOFT,10,0.2857,91.691,9,4.94,3.19,31.2,26.5,0,0
Saudi Arabian Grand Prix,SAI,11,1,SOFT,11,0.3143,91.46,3,4.429,1.26,30.8,27.2,0,0
Saudi Arabian Grand Prix,SAI,12,1,SOFT,12,0.3429,91.945,12,1.375,4.192,40.1,26.4,0,0
Saudi Arabian Grand Prix,SAI,13,1,SOFT,13,0.3714,91.706,4,3.1,1.885,37.2,27.9,0,0
Saudi Arabian Grand Prix,SAI,14,1,SOFT,14,0.4,91.769,14,3.52,3.637,35.4,28.8,0,0
Saudi Arabian Grand Prix,SAI,15,1,SOFT,15,0.4286,92.054,18,2.335,4.489,30.7,29.6,0,0
Saudi Arabian Grand Prix,SAI,16,1,SOFT,16,0.4571,92.233,8,3.628,3.333,43.0,21.3,0,0
Saudi Arabian Grand Prix,SAI,17,1,SOFT,17,0.4857,92.41,8,2.269,1.127,30.2,25.4,0,1
Saudi Arabian Grand Prix,SAI,18,1,SOFT,18,0.5143,92.112,12,2.874,1.272,32.5,24.6,1,0
Saudi Arabian Grand Prix,SAI,19,2,HARD,1,0.0286,91.622,6,0.784,2.285,37.1,24.5,0,0
Saudi Arabian Grand Prix,SAI,20,2,HARD,2,0.0571,91.669,3,4.528,4.34,40.1,21.4,0,0
Saudi Arabian Grand Prix,SAI,21,2,HARD,3,0.0857,92.0,16,1.655,3.885,37.7,23.2,0,0
Saudi Arabian Grand Prix,SAI,22,2,HARD,4,0.1143,92.005,16,2.194,3.068,37.2,28.6,0,0
Saudi Arabian Grand Prix,SAI,23,2,HARD,5,0.1429,91.856,2,0.501,4.618,42.7,27.4,0,0
Saudi Arabian Grand Prix,SAI,24,2,HARD,6,0.1714,92.004,1,1.543,3.675,34.6,22.4,0,0
Saudi Arabian Grand Prix,SAI,25,2,HARD,7,0.2,91.975,11,3.848,3.7,33.5,27.5,0,0
Saudi Arabian Grand Prix,SAI,26,2,HARD,8,0.2286,92.318,17,2.263,4.111,35.1,24.4,0,0
Saudi Arabian Grand Prix,SAI,27,2,HARD,9,0.2571,92.003,7,4.168,4.449,41.6,26.7,0,0
Saudi Arabian Grand Prix,SAI,28,2,HARD,10,0.2857,92.296,4,4.95,2.675,44.8,27.5,0,0
Saudi Arabian Grand Prix,SAI,29,2,HARD,11,0.3143,92.242,1,4.489,2.294,42.9,22.7,0,0
Saudi Arabian Grand Prix,SAI,30,2,HARD,12,0.3429,92.732,15,2.316,1.556,42.3,23.4,0,0
Saudi Arabian Grand Prix,SAI,31,2,HARD,13,0.3714,92.554,6,4.964,4.781,32.1,25.4,0,0
Saudi Arabian Grand Prix,SAI,32,2,HARD,14,0.4,92.533,3,2.135,2.474,44.7,28.1,0,0
Saudi Arabian Grand Prix,SAI,33,2,HARD,15,0.4286,92.365,19,1.986,0.981,44.3,20.6,0,0
Saudi Arabian Grand Prix,SAI,34,2,HARD,16,0.4571,92.503,14,3.533,4.299,43.7,27.2,0,0
Saudi Arabian Grand Prix,SAI,35,2,HARD,17,0.4857,92.582,19,1.968,0.593,41.4,20.4,0,0
Saudi Arabian Grand Prix,SAI,36,2,HARD,18,0.5143,92.904,16,1.26,4.343,30.2,25.1,0,0
Saudi Arabian Grand Prix,SAI,37,2,HARD,19,0.5429,92.684,1,4.264,2.761,30.2,28.0,0,0
Saudi Arabian Grand Prix,SAI,38,2,HARD,20,0.5714,93.1,12,1.8,2.197,35.9,25.4,0,0
Saudi Arabian Grand Prix,SAI,39,2,HARD,21,0.6,93.228,7,3.165,3.654,32.9,24.5,0,0
Saudi Arabian Grand Prix,SAI,40,2,HARD,22,0.6286,93.366,9,3.405,1.201,38.2,20.9,0,0
Saudi Arabian Grand Prix,SAI,41,2,HARD,23,0.6571,93.582,18,1.492,1.337,44.3,22.1,0,0
Saudi Arabian Grand Prix,SAI,42,2,HARD,24,0.6857,93.632,5,1.135,3.936,31.6,29.8,0,0
Saudi Arabian Grand Prix,SAI,43,2,HARD,25,0.7143,93.752,16,3.989,2.042,39.4,21.9,0,0
Saudi Arabian Grand Prix,SAI,44,2,HARD,26,0.7429,93.862,7,4.191,3.028,40.1,29.3,0,0
Saudi Arabian Grand Prix,SAI,45,2,HARD,27,0.7714,93.767,10,1.168,3.184,42.2,23.8,0,0
Saudi Arabian Grand Prix,SAI,46,2,HARD,28,0.8,93.657,15,1.85,3.393,39.0,27.0,0,0
Saudi Arabian Grand Prix,SAI,47,2,HARD,29,0.8286,93.723,15,3.917,3.707,32.9,24.7,0,0
Saudi Arabian Grand Prix,SAI,48,2,HARD,30,0.8571,93.312,18,4.477,2.043,40.3,20.3,0,0
Saudi Arabian Grand Prix,SAI,49,2,HARD,31,0.8857,93.837,1,4.341,3.764,35.4,20.9,0,0
Saudi Arabian Grand Prix,SAI,50,2,HARD,32,0.9143,94.101,14,1.841,0.904,43.7,20.1,0,0
Saudi Arabian Grand Prix,SAI,51,2,HARD,33,0.9429,93.775,9,2.043,1.002,38.6,25.8,0,0
Saudi Arabian Grand Prix,SAI,52,2,HARD,34,0.9714,93.965,18,4.48,2.993,38.0,22.0,0,0
Saudi Arabian Grand Prix,SAI,53,2,HARD,35,1.0,94.487,16,1.857,3.197,33.0,28.9,0,0
Saudi Arabian Grand Prix,PER,1,1,SOFT,1,0.0286,91.269,9,1.913,2.746,33.2,28.7,0,0
Saudi Arabian Grand Prix,PER,2,1,SOFT,2,0.0571,91.172,14,4.827,2.502,37.3,23.5,0,0
Saudi Arabian Grand Prix,PER,3,1,SOFT,3,0.0857,91.227,1,2.439,1.905,40.9,28.0,0,0
Saudi Arabian Grand Prix,PER,4,1,SOFT,4,0.1143,91.484,3,4.936,4.061,39.0,23.4,0,0
Saudi Arabian Grand Prix,PER,5,1,SOFT,5,0.1429,91.21,1,0.731,2.308,40.1,24.5,0,0
Saudi Arabian Grand Prix,PER,6,1,SOFT,6,0.1714,91.445,7,2.106,3.356,32.8,27.5,0,0
Saudi Arabian Grand Prix,PER,7,1,SOFT,7,0.2,91.158,7,2.681,0.621,35.7,21.1,0,0
Saudi Arabian Grand Prix,PER,8,1,SOFT,8,0.2286,91.646,4,3.718,4.807,36.4,24.8,0,0
Saudi Arabian Grand Prix,PER,9,1,SOFT,9,0.2571,91.687,13,3.282,3.563,40.0,25.1,0,0
Saudi Arabian Grand Prix,PER,10,1,SOFT,10,0.2857,91.989,16,0.504,0.677,44.7,22.4,0,0
Saudi Arabian Grand Prix,PER,11,1,SOFT,11,0.3143,92.072,2,1.189,3.777,39.0,27.3,0,0
Saudi Arabian Grand Prix,PER,12,1,SOFT,12,0.3429,92.027,2,4.35,2.382,34.6,29.4,0,0
Saudi Arabian Grand Prix,PER,13,1,SOFT,13,0.3714,91.832,4,1.037,1.975,42.2,26.0,0,0
Saudi Arabian Grand Prix,PER,14,1,SOFT,14,0.4,92.986,19,1.363,3.0,38.8,22.1,0,0
Saudi Arabian Grand Prix,PER,15,1,SOFT,15,0.4286,92.495,15,2.437,1.245,40.6,25.4,0,0
Saudi Arabian Grand Prix,PER,16,1,SOFT,16,0.4571,91.958,15,1.132,1.789,37.8,27.5,0,0
Saudi Arabian Grand Prix,PER,17,1,SOFT,17,0.4857,92.439,10,3.501,2.459,44.3,27.2,0,0
Saudi Arabian Grand Prix,PER,18,1,SOFT,18,0.5143,92.601,12,1.368,0.917,38.0,28.2,0,1
Saudi Arabian Grand Prix,PER,19,1,SOFT,19,0.5429,92.504,19,2.67,0.758,32.6,27.1,1,0
Saudi Arabian Grand Prix,PER,20,2,HARD,1,0.0286,91.788,4,3.122,1.058,31.8,27.2,0,0
Saudi Arabian Grand Prix,PER,21,2,HARD,2,0.0571,91.775,11,3.305,3.211,37.3,25.3,0,0
Saudi Arabian Grand Prix,PER,22,2,HARD,3,0.0857,91.74,11,1.114,3.776,42.2,22.6,0,0
Saudi Arabian Grand Prix,PER,23,2,HARD,4,0.1143,91.933,14,4.352,3.875,42.1,21.4,0,0
Saudi Arabian Grand Prix,PER,24,2,HARD,5,0.1429,92.484,7,4.52,2.245,34.3,27.2,0,0
Saudi Arabian Grand Prix,PER,25,2,HARD,6,0.1714,92.27,12,4.335,0.684,30.7,26.2,0,0
Saudi Arabian Grand Prix,PER,26,2,HARD,7,0.2,92.347,6,2.683,0.884,44.6,25.2,0,0
Saudi Arabian Grand Prix,PER,27,2,HARD,8,0.2286,92.05,1,2.431,0.837,31.6,28.4,0,0
Saudi Arabian Grand Prix,PER,28,2,HARD,9,0.2571,92.62,16,1.014,1.649,42.4,23.8,0,0
Saudi Arabian Grand Prix,PER,29,2,HARD,10,0.2857,92.545,2,2.31,2.412,35.7,27.2,0,0
Saudi Arabian Grand Prix,PER,30,2,HARD,11,0.3143,92.726,7,2.471,4.298,33.9,24.2,0,0
Saudi Arabian Grand Prix,PER,31,2,HARD,12,0.3429,92.696,18,2.058,3.442,35.3,26.2,0,0
Saudi Arabian Grand Prix,PER,32,2,HARD,13,0.3714,92.654,12,1.541,2.319,44.9,28.7,0,0
Saudi Arabian Grand Prix,PER,33,2,HARD,14,0.4,93.048,13,3.654,1.783,39.5,24.6,0,0
Saudi Arabian Grand Prix,PER,34,2,HARD,15,0.4286,93.639,19,1.407,1.693,32.5,21.0,0,0
Saudi Arabian Grand Prix,PER,35,2,HARD,16,0.4571,92.794,18,4.608,3.247,38.2,22.5,0,0
Saudi Arabian Grand Prix,PER,36,2,HARD,17,0.4857,93.062,3,4.334,3.016,37.7,21.0,0,0
Saudi Arabian Grand Prix,PER,37,2,HARD,18,0.5143,93.534,2,0.547,2.273,42.8,23.5,0,0
Saudi Arabian Grand Prix,PER,38,2,HARD,19,0.5429,92.863,8,3.858,4.109,32.4,25.4,0,0
Saudi Arabian Grand Prix,PER,39,2,HARD,20,0.5714,93.505,9,1.091,1.894,33.0,29.1,0,0
Saudi Arabian Grand Prix,PER,40,2,HARD,21,0.6,93.216,8,2.311,1.841,39.4,21.5,0,0
Saudi Arabian Grand Prix,PER,41,2,HARD,22,0.6286,93.203,12,3.275,0.682,34.9,24.7,0,0
Saudi Arabian Grand Prix,PER,42,2,HARD,23,0.6571,93.457,13,2.493,4.313,33.1,29.5,0,0
Saudi Arabian Grand Prix,PER,43,2,HARD,24,0.6857,93.771,10,0.655,2.506,42.2,28.9,0,0
Saudi Arabian Grand Prix,PER,44,2,HARD,25,0.7143,93.861,9,2.923,4.61,35.8,28.3,0,0
Saudi Arabian Grand Prix,PER,45,2,HARD,26,0.7429,93.557,10,2.429,3.328,33.2,26.3,0,0
Saudi Arabian Grand Prix,PER,46,2,HARD,27,0.7714,94.267,5,4.682,1.422,42.0,27.4,0,0
Saudi Arabian Grand Prix,PER,47,2,HARD,28,0.8,93.951,19,1.416,4.795,43.8,20.5,0,0
Saudi Arabian Grand Prix,PER,48,2,HARD,29,0.8286,93.915,4,4.895,2.197,42.0,24.3,0,0
Saudi Arabian Grand Prix,PER,49,2,HARD,30,0.8571,94.102,3,2.942,3.441,34.1,25.9,0,0
Saudi Arabian Grand Prix,PER,50,2,HARD,31,0.8857,94.29,9,1.1,1.591,34.4,29.2,0,0
Saudi Arabian Grand Prix,PER,51,2,HARD,32,0.9143,94.122,1,1.256,2.097,36.0,20.6,0,0
Saudi Arabian Grand Prix,PER,52,2,HARD,33,0.9429,94.149,3,3.097,3.533,30.2,23.4,0,0
Saudi Arabian Grand Prix,PER,53,2,HARD,34,0.9714,94.631,2,4.703,1.09,42.0,25.1,0,0
Saudi Arabian Grand Prix,PER,54,2,HARD,35,1.0,94.146,15,4.906,2.393,37.5,29.1,0,0
Saudi Arabian Grand Prix,RUS,1,1,SOFT,1,0.0286,91.123,12,2.64,3.906,40.3,28.6,0,0
Saudi Arabian Grand Prix,RUS,2,1,SOFT,2,0.0571,91.007,18,2.663,0.809,38.2,24.2,0,0
Saudi Arabian Grand Prix,RUS,3,1,SOFT,3,0.0857,91.047,15,4.202,1.901,36.0,25.0,0,0
Saudi Arabian Grand Prix,RUS,4,1,SOFT,4,0.1143,91.269,5,4.36,1.872,32.9,21.3,0,0
Saudi Arabian Grand Prix,RUS,5,1,SOFT,5,0.1429,91.516,13,1.406,0.543,31.1,23.8,0,0
Saudi Arabian Grand Prix,RUS,6,1,SOFT,6,0.1714,91.171,2,2.044,4.947,37.3,21.8,0,0
Saudi Arabian Grand Prix,RUS,7,1,SOFT,7,0.2,91.405,6,2.083,3.675,37.8,21.2,0,0
Saudi Arabian Grand Prix,RUS,8,1,SOFT,8,0.2286,91.753,17,1.768,1.329,30.6,20.2,0,0
Saudi Arabian Grand Prix,RUS,9,1,SOFT,9,0.2571,91.47,8,2.428,0.622,41.8,20.1,0,0
Saudi Arabian Grand Prix,RUS,10,1,SOFT,10,0.2857,91.759,14,3.243,3.058,41.9,29.9,0,0
Saudi Arabian Grand Prix,RUS,11,1,SOFT,11,0.3143,91.766,1,4.033,2.693,44.2,20.6,0,0
Saudi Arabian Grand Prix,RUS,12,1,SOFT,12,0.3429,91.413,14,2.79,2.538,34.2,29.6,0,0
Saudi Arabian Grand Prix,RUS,13,1,SOFT,13,0.3714,91.97,6,4.785,4.206,40.6,25.9,0,0
Saudi Arabian Grand Prix,RUS,14,1,SOFT,14,0.4,91.717,10,3.103,0.872,32.3,24.4,0,0
Saudi Arabian Grand Prix,RUS,15,1,SOFT,15,0.4286,91.643,12,0.891,1.864,44.5,29.4,0,0
Saudi Arabian Grand Prix,RUS,16,1,SOFT,16,0.4571,92.168,19,1.664,2.062,41.9,26.3,0,0
Saudi Arabian Grand Prix,RUS,17,1,SOFT,17,0.4857,92.274,10,4.823,2.919,30.2,22.6,0,0
Saudi Arabian Grand Prix,RUS,18,1,SOFT,18,0.5143,92.418,4,3.869,1.459,43.0,29.6,0,0
Saudi Arabian Grand Prix,RUS,19,1,SOFT,19,0.5429,92.501,8,1.261,4.899,42.8,25.0,0,0
Saudi Arabian Grand Prix,RUS,20,1,SOFT,20,0.5714,92.392,9,1.722,0.967,34.4,20.9,0,0
Saudi Arabian Grand Prix,RUS,21,1,SOFT,21,0.6,92.339,11,1.267,2.23,35.2,24.3,0,0
Saudi Arabian Grand Prix,RUS,22,1,SOFT,22,0.6286,92.726,15,0.646,2.011,37.7,28.0,0,0
Saudi Arabian Grand Prix,RUS,23,1,SOFT,23,0.6571,93.025,17,3.878,1.562,32.2,21.9,0,0
Saudi Arabian Grand Prix,RUS,24,1,SOFT,24,0.6857,92.54,7,2.8,2.505,44.5,25.7,0,0
Saudi Arabian Grand Prix,RUS,25,1,SOFT,25,0.7143,93.134,2,2.174,0.916,36.9,23.9,0,1
Saudi Arabian Grand Prix,RUS,26,1,SOFT,26,0.7429,92.999,9,1.598,4.85,44.4,22.5,1,0
Saudi Arabian Grand Prix,RUS,27,2,HARD,1,0.0286,91.939,12,1.223,1.279,34.0,21.2,0,0
Saudi Arabian Grand Prix,RUS,28,2,HARD,2,0.0571,91.757,6,0.979,4.198,32.1,27.5,0,0
Saudi Arabian Grand Prix,RUS,29,2,HARD,3,0.0857,91.931,2,2.501,3.094,44.8,22.4,0,0
Saudi Arabian Grand Prix,RUS,30,2,HARD,4,0.1143,92.388,9,3.722,3.233,31.3,26.8,0,0
Saudi Arabian Grand Prix,RUS,31,2,HARD,5,0.1429,92.106,19,1.449,4.287,30.5,28.4,0,0
Saudi Arabian Grand Prix,RUS,32,2,HARD,6,0.1714,91.985,18,1.894,4.72,40.2,21.2,0,0
Saudi Arabian Grand Prix,RUS,33,2,HARD,7,0.2,92.222,17,3.291,2.952,31.9,22.9,0,0
Saudi Arabian Grand Prix,RUS,34,2,HARD,8,0.2286,92.117,17,1.72,3.921,40.8,20.1,0,0
Saudi Arabian Grand Prix,RUS,35,2,HARD,9,0.2571,92.104,6,4.894,4.796,42.0,22.4,0,0
Saudi Arabian Grand Prix,RUS,36,2,HARD,10,0.2857,92.477,8,3.725,2.114,34.0,24.3,0,0
Saudi Arabian Grand Prix,RUS,37,2,HARD,11,0.3143,92.605,13,2.119,3.593,34.7,20.6,0,0
Saudi Arabian Grand Prix,RUS,38,2,HARD,12,0.3429,92.537,9,4.968,4.0,33.4,21.8,0,0
Saudi Arabian Grand Prix,RUS,39,2,HARD,13,0.3714,92.668,11,4.152,1.823,36.7,27.3,0,0
Saudi Arabian Grand Prix,RUS,40,2,HARD,14,0.4,93.06,7,4.943,1.513,39.9,26.1,0,0
Saudi Arabian Grand Prix,RUS,41,2,HARD,15,0.4286,92.975,13,0.509,1.673,37.8,27.2,0,0
Saudi Arabian Grand Prix,RUS,42,2,HARD,16,0.4571,93.339,10,3.343,2.834,30.8,22.3,0,0
Saudi Arabian Grand Prix,RUS,43,2,HARD,17,0.4857,92.538,9,1.061,3.436,30.8,24.5,0,0
Saudi Arabian Grand Prix,RUS,44,2,HARD,18,0.5143,93.089,12,1.1,4.675,43.0,27.1,0,0
Saudi Arabian Grand Prix,RUS,45,2,HARD,19,0.5429,93.246,2,4.549,3.328,36.6,20.4,0,0
Saudi Arabian Grand Prix,RUS,46,2,HARD,20,0.5714,93.188,8,3.098,3.409,36.9,25.3,0,0
Saudi Arabian Grand Prix,RUS,47,2,HARD,21,0.6,93.374,5,2.458,1.817,38.2,21.3,0,0
Saudi Arabian Grand Prix,RUS,48,2,HARD,22,0.6286,93.348,16,4.996,1.491,31.5,25.9,0,0
Saudi Arabian Grand Prix,RUS,49,2,HARD,23,0.6571,94.283,13,2.603,0.98,39.7,28.7,0,0
Saudi Arabian Grand Prix,RUS,50,2,HARD,24,0.6857,93.223,13,3.84,3.394,34.7,26.2,0,0
Saudi Arabian Grand Prix,RUS,51,2,HARD,25,0.7143,93.597,15,1.67,2.233,44.1,26.1,0,0
Saudi Arabian Grand Prix,RUS,52,2,HARD,26,0.7429,93.382,15,2.543,2.781,38.6,29.3,0,0
Saudi Arabian Grand Prix,RUS,53,2,HARD,27,0.7714,93.774,7,4.99,1.686,34.2,29.3,0,0
Saudi Arabian Grand Prix,PIA,1,1,SOFT,1,0.0286,89.772,6,4.89,0.794,42.3,26.5,0,0
Saudi Arabian Grand Prix,PIA,2,1,SOFT,2,0.0571,89.572,7,3.955,3.883,38.8,22.1,0,0
Saudi Arabian Grand Prix,PIA,3,1,SOFT,3,0.0857,89.959,2,4.219,3.657,36.9,20.6,0,0
Saudi Arabian Grand Prix,PIA,4,1,SOFT,4,0.1143,89.687,10,1.738,2.291,44.0,23.4,0,0
Saudi Arabian Grand Prix,PIA,5,1,SOFT,5,0.1429,89.407,16,2.12,2.65,35.3,26.8,0,0
Saudi Arabian Grand Prix,PIA,6,1,SOFT,6,0.1714,90.425,12,0.757,2.044,40.0,21.0,0,0
Saudi Arabian Grand Prix,PIA,7,1,SOFT,7,0.2,90.428,16,3.19,4.414,43.4,24.5,0,0
Saudi Arabian Grand Prix,PIA,8,1,SOFT,8,0.2286,90.071,6,2.755,3.077,32.1,29.4,0,0
Saudi Arabian Grand Prix,PIA,9,1,SOFT,9,0.2571,90.332,8,1.594,2.978,32.9,21.0,0,0
Saudi Arabian Grand Prix,PIA,10,1,SOFT,10,0.2857,90.378,16,3.121,3.577,41.3,27.3,0,0
Saudi Arabian Grand Prix,PIA,11,1,SOFT,11,0.3143,90.806,4,1.347,1.329,30.9,25.9,0,0
Saudi Arabian Grand Prix,PIA,12,1,SOFT,12,0.3429,90.616,14,4.992,2.936,34.3,29.9,0,0
Saudi Arabian Grand Prix,PIA,13,1,SOFT,13,0.3714,90.523,13,0.62,3.809,39.4,25.8,0,1
Saudi Arabian Grand Prix,PIA,14,1,SOFT,14,0.4,90.962,7,3.602,1.777,40.4,23.1,1,0
Saudi Arabian Grand Prix,PIA,15,2,HARD,1,0.0286,90.802,9,4.364,4.832,39.4,21.8,0,0
Saudi Arabian Grand Prix,PIA,16,2,HARD,2,0.0571,91.058,2,0.819,3.472,42.1,26.7,0,0
Saudi Arabian Grand Prix,PIA,17,2,HARD,3,0.0857,90.982,7,4.776,1.85,30.3,24.3,0,0
Saudi Arabian Grand Prix,PIA,18,2,HARD,4,0.1143,90.909,11,1.48,3.296,30.7,24.8,0,0
Saudi Arabian Grand Prix,PIA,19,2,HARD,5,0.1429,90.673,10,3.915,2.753,43.7,21.5,0,0
Saudi Arabian Grand Prix,PIA,20,2,HARD,6,0.1714,90.602,16,3.083,2.078,42.5,24.9,0,0
Saudi Arabian Grand Prix,PIA,21,2,HARD,7,0.2,91.16,4,2.516,2.325,44.8,22.9,0,0
Saudi Arabian Grand Prix,PIA,22,2,HARD,8,0.2286,90.832,7,1.635,4.619,34.0,29.0,0,0
Saudi Arabian Grand Prix,PIA,23,2,HARD,9,0.2571,90.813,5,4.763,1.425,39.2,22.2,0,0
Saudi Arabian Grand Prix,PIA,24,2,HARD,10,0.2857,91.709,13,1.857,1.347,34.6,20.9,0,0
Saudi Arabian Grand Prix,PIA,25,2,HARD,11,0.3143,91.43,16,2.403,4.08,32.1,21.3,0,0
Saudi Arabian Grand Prix,PIA,26,2,HARD,12,0.3429,91.106,4,1.251,4.657,42.3,23.5,0,0
Saudi Arabian Grand Prix,PIA,27,2,HARD,13,0.3714,91.607,9,2.147,1.532,33.3,20.5,0,0
Saudi Arabian Grand Prix,PIA,28,2,HARD,14,0.4,91.486,19,4.246,4.962,32.5,26.9,0,0
Saudi Arabian Grand Prix,PIA,29,2,HARD,15,0.4286,91.322,14,2.602,3.585,33.4,21.3,0,0
Saudi Arabian Grand Prix,PIA,30,2,HARD,16,0.4571,91.628,9,4.013,4.596,35.7,26.3,0,0
Saudi Arabian Grand Prix,PIA,31,2,HARD,17,0.4857,91.935,7,1.48,0.852,38.6,21.0,0,1
Saudi Arabian Grand Prix,PIA,32,2,HARD,18,0.5143,92.044,5,4.436,3.818,33.8,20.7,1,0
Saudi Arabian Grand Prix,PIA,33,3,MEDIUM,1,0.0286,90.092,9,1.721,0.517,32.4,23.5,0,0
Saudi Arabian Grand Prix,PIA,34,3,MEDIUM,2,0.0571,90.449,15,2.189,3.32,32.2,28.2,0,0
Saudi Arabian Grand Prix,PIA,35,3,MEDIUM,3,0.0857,90.109,16,4.709,4.909,43.0,21.7,0,0
Saudi Arabian Grand Prix,PIA,36,3,MEDIUM,4,0.1143,90.376,16,4.997,1.451,34.0,26.6,0,0
Saudi Arabian Grand Prix,PIA,37,3,MEDIUM,5,0.1429,90.291,5,0.878,3.965,39.5,29.9,0,0
Saudi Arabian Grand Prix,PIA,38,3,MEDIUM,6,0.1714,90.385,1,1.847,0.951,34.1,28.2,0,0
Saudi Arabian Grand Prix,PIA,39,3,MEDIUM,7,0.2,90.547,9,2.04,4.916,39.4,24.2,0,0
Saudi Arabian Grand Prix,PIA,40,3,MEDIUM,8,0.2286,90.53,9,3.461,3.774,41.8,22.4,0,0
Saudi Arabian Grand Prix,PIA,41,3,MEDIUM,9,0.2571,90.959,13,4.293,2.506,40.6,27.3,0,0
Saudi Arabian Grand Prix,PIA,42,3,MEDIUM,10,0.2857,90.717,5,2.75,1.075,38.7,23.0,0,0
Saudi Arabian Grand Prix,PIA,43,3,MEDIUM,11,0.3143,90.642,3,2.635,4.172,36.5,28.0,0,0
Saudi Arabian Grand Prix,PIA,44,3,MEDIUM,12,0.3429,91.223,17,3.717,1.62,43.7,21.5,0,0
Saudi Arabian Grand Prix,PIA,45,3,MEDIUM,13,0.3714,91.129,4,0.921,0.575,43.1,22.4,0,0
Saudi Arabian Grand Prix,PIA,46,3,MEDIUM,14,0.4,91.323,8,4.469,4.816,32.9,27.2,0,0
Saudi Arabian Grand Prix,PIA,47,3,MEDIUM,15,0.4286,91.022,19,2.33,3.931,32.2,20.1,0,0
Saudi Arabian Grand Prix,PIA,48,3,MEDIUM,16,0.4571,91.326,19,2.831,0.534,36.3,27.2,0,0
Saudi Arabian Grand Prix,PIA,49,3,MEDIUM,17,0.4857,91.314,19,4.451,1.711,44.7,23.8,0,0
Saudi Arabian Grand Prix,PIA,50,3,MEDIUM,18,0.5143,91.349,10,3.326,4.235,36.2,22.6,0,0
Saudi Arabian Grand Prix,ALO,1,1,SOFT,1,0.0286,89.765,18,0.751,4.603,40.5,25.1,0,0
Saudi Arabian Grand Prix,ALO,2,1,SOFT,2,0.0571,89.845,2,4.625,4.104,36.8,27.2,0,0
Saudi Arabian Grand Prix,ALO,3,1,SOFT,3,0.0857,90.149,9,2.716,1.365,37.0,22.5,0,0
Saudi Arabian Grand Prix,ALO,4,1,SOFT,4,0.1143,90.209,6,2.691,4.707,39.6,29.0,0,0
Saudi Arabian Grand Prix,ALO,5,1,SOFT,5,0.1429,90.508,16,2.191,0.946,39.3,24.5,0,0
Saudi Arabian Grand Prix,ALO,6,1,SOFT,6,0.1714,90.259,15,2.607,4.339,44.0,29.3,0,0
Saudi Arabian Grand Prix,ALO,7,1,SOFT,7,0.2,90.683,3,2.828,0.879,44.8,26.7,0,0
Saudi Arabian Grand Prix,ALO,8,1,SOFT,8,0.2286,90.755,3,2.434,1.879,44.4,29.6,0,0
Saudi Arabian Grand Prix,ALO,9,1,SOFT,9,0.2571,90.264,4,3.996,3.53,39.2,28.9,0,0
Saudi Arabian Grand Prix,ALO,10,1,SOFT,10,0.2857,90.694,13,2.331,1.493,38.0,30.0,0,0
Saudi Arabian Grand Prix,ALO,11,1,SOFT,11,0.3143,90.687,14,4.305,3.359,30.6,22.1,0,0
Saudi Arabian Grand Prix,ALO,12,1,SOFT,12,0.3429,90.861,17,4.845,2.037,35.1,20.1,0,0
Saudi Arabian Grand Prix,ALO,13,1,SOFT,13,0.3714,91.153,6,4.362,2.336,44.7,26.5,0,0
Saudi Arabian Grand Prix,ALO,14,1,SOFT,14,0.4,91.149,18,2.159,3.964,42.2,24.0,0,0
Saudi Arabian Grand Prix,ALO,15,1,SOFT,15,0.4286,90.93,10,1.127,2.841,30.6,20.8,0,0
Saudi Arabian Grand Prix,ALO,16,1,SOFT,16,0.4571,91.534,3,4.215,4.061,33.0,28.1,0,0
Saudi Arabian Grand Prix,ALO,17,1,SOFT,17,0.4857,91.587,5,1.801,4.785,30.7,21.5,0,0
Saudi Arabian Grand Prix,ALO,18,1,SOFT,18,0.5143,91.989,14,0.576,4.822,30.7,21.4,0,0
Saudi Arabian Grand Prix,ALO,19,1,SOFT,19,0.5429,91.768,2,3.656,0.565,30.7,26.0,0,0
Saudi Arabian Grand Prix,ALO,20,1,SOFT,20,0.5714,91.647,6,3.503,1.065,41.5,22.1,0,0
Saudi Arabian Grand Prix,ALO,21,1,SOFT,21,0.6,91.598,9,1.172,3.417,32.6,28.7,0,0
Saudi Arabian Grand Prix,ALO,22,1,SOFT,22,0.6286,91.441,19,3.394,3.931,38.8,22.7,0,0
Saudi Arabian Grand Prix,ALO,23,1,SOFT,23,0.6571,91.881,15,1.038,3.3,44.0,22.1,0,1
Saudi Arabian Grand Prix,ALO,24,1,SOFT,24,0.6857,92.028,18,3.512,4.168,33.9,23.0,1,0
Saudi Arabian Grand Prix,ALO,25,2,HARD,1,0.0286,90.932,10,4.353,0.947,31.4,22.6,0,0
Saudi Arabian Grand Prix,ALO,26,2,HARD,2,0.0571,90.778,13,4.824,4.563,40.5,21.0,0,0
Saudi Arabian Grand Prix,ALO,27,2,HARD,3,0.0857,91.065,5,1.561,3.711,43.1,21.3,0,0
Saudi Arabian Grand Prix,ALO,28,2,HARD,4,0.1143,91.137,16,2.531,1.026,36.8,28.5,0,0
Saudi Arabian Grand Prix,ALO,29,2,HARD,5,0.1429,91.407,15,2.778,4.166,44.0,25.1,0,0
Saudi Arabian Grand Prix,ALO,30,2,HARD,6,0.1714,91.244,19,4.086,2.034,42.1,23.4,0,0
Saudi Arabian Grand Prix,ALO,31,2,HARD,7,0.2,91.47,1,4.244,2.316,35.0,24.9,0,0
Saudi Arabian Grand Prix,ALO,32,2,HARD,8,0.2286,91.015,3,3.221,2.875,38.4,29.8,0,0
Saudi Arabian Grand Prix,ALO,33,2,HARD,9,0.2571,91.576,11,1.873,1.26,36.9,23.1,0,0
Saudi Arabian Grand Prix,ALO,34,2,HARD,10,0.2857,91.539,16,2.983,2.105,36.7,29.7,0,0
Saudi Arabian Grand Prix,ALO,35,2,HARD,11,0.3143,91.598,4,1.752,1.33,37.5,22.8,0,0
Saudi Arabian Grand Prix,ALO,36,2,HARD,12,0.3429,91.628,6,2.385,3.991,35.1,25.6,0,0
Saudi Arabian Grand Prix,ALO,37,2,HARD,13,0.3714,91.837,6,4.627,3.125,36.9,28.2,0,0
Saudi Arabian Grand Prix,ALO,38,2,HARD,14,0.4,91.63,10,1.704,2.836,33.5,21.2,0,0
Saudi Arabian Grand Prix,ALO,39,2,HARD,15,0.4286,92.092,13,3.125,3.806,34.8,20.3,0,0
Saudi Arabian Grand Prix,ALO,40,2,HARD,16,0.4571,91.27,8,1.693,3.524,30.8,21.1,0,0
Saudi Arabian Grand Prix,ALO,41,2,HARD,17,0.4857,92.006,3,2.225,4.267,43.0,26.0,0,0
Saudi Arabian Grand Prix,ALO,42,2,HARD,18,0.5143,92.048,15,1.781,2.192,41.3,25.4,0,0
Saudi Arabian Grand Prix,ALO,43,2,HARD,19,0.5429,92.357,12,0.581,0.96,36.2,29.3,0,0
Saudi Arabian Grand Prix,ALO,44,2,HARD,20,0.5714,92.643,11,2.621,4.915,41.1,21.2,0,0
Saudi Arabian Grand Prix,ALO,45,2,HARD,21,0.6,92.564,18,1.257,2.805,37.3,26.3,0,0
Saudi Arabian Grand Prix,ALO,46,2,HARD,22,0.6286,92.539,12,1.28,3.762,37.6,26.8,0,0
Saudi Arabian Grand Prix,ALO,47,2,HARD,23,0.6571,92.746,10,3.755,1.112,42.5,21.5,0,0
Saudi Arabian Grand Prix,ALO,48,2,HARD,24,0.6857,92.41,13,4.499,0.778,36.8,22.0,0,0
Saudi Arabian Grand Prix,ALO,49,2,HARD,25,0.7143,92.544,3,0.752,1.14,30.8,26.3,0,0
Saudi Arabian Grand Prix,ALO,50,2,HARD,26,0.7429,93.601,3,4.471,3.073,35.0,27.2,0,0
Saudi Arabian Grand Prix,ALO,51,2,HARD,27,0.7714,93.252,17,2.746,0.996,35.8,22.4,0,0
Saudi Arabian Grand Prix,ALO,52,2,HARD,28,0.8,92.936,5,0.954,1.396,45.0,20.0,0,0
Saudi Arabian Grand Prix,ALO,53,2,HARD,29,0.8286,92.978,1,4.643,0.921,44.3,26.1,0,0
Saudi Arabian Grand Prix,ALO,54,2,HARD,30,0.8571,92.723,10,1.664,2.017,36.0,20.5,0,0
Saudi Arabian Grand Prix,STR,1,1,MEDIUM,1,0.0286,89.922,5,0.972,1.706,37.8,25.7,0,0
Saudi Arabian Grand Prix,STR,2,1,MEDIUM,2,0.0571,89.67,7,2.15,0.976,39.4,21.2,0,0
Saudi Arabian Grand Prix,STR,3,1,MEDIUM,3,0.0857,89.609,4,0.817,2.097,37.5,24.9,0,0
Saudi Arabian Grand Prix,STR,4,1,MEDIUM,4,0.1143,90.123,15,2.204,4.294,39.7,26.5,0,0
Saudi Arabian Grand Prix,STR,5,1,MEDIUM,5,0.1429,90.158,3,2.258,3.496,33.2,22.2,0,0
Saudi Arabian Grand Prix,STR,6,1,MEDIUM,6,0.1714,90.283,19,3.23,1.251,42.0,27.2,0,0
Saudi Arabian Grand Prix,STR,7,1,MEDIUM,7,0.2,90.804,12,3.006,4.513,34.3,23.3,0,0
Saudi Arabian Grand Prix,STR,8,1,MEDIUM,8,0.2286,90.377,19,3.288,3.486,42.5,22.2,0,0
Saudi Arabian Grand Prix,STR,9,1,MEDIUM,9,0.2571,90.296,10,2.628,2.839,32.9,24.6,0,0
Saudi Arabian Grand Prix,STR,10,1,MEDIUM,10,0.2857,90.506,12,3.372,2.075,43.9,20.7,0,0
Saudi Arabian Grand Prix,STR,11,1,MEDIUM,11,0.3143,90.903,1,4.26,4.827,41.6,26.2,0,0
Saudi Arabian Grand Prix,STR,12,1,MEDIUM,12,0.3429,91.031,8,4.117,2.79,30.9,23.8,0,0
Saudi Arabian Grand Prix,STR,13,1,MEDIUM,13,0.3714,90.925,8,1.137,0.961,38.0,20.9,0,0
Saudi Arabian Grand Prix,STR,14,1,MEDIUM,14,0.4,91.188,18,4.783,1.939,43.0,28.8,0,0
Saudi Arabian Grand Prix,STR,15,1,MEDIUM,15,0.4286,90.789,14,3.761,1.902,41.7,24.4,0,1
Saudi Arabian Grand Prix,STR,16,1,MEDIUM,16,0.4571,91.465,6,3.045,2.768,30.2,23.6,1,0
Saudi Arabian Grand Prix,STR,17,2,HARD,1,0.0286,90.263,15,4.14,2.128,37.9,26.7,0,0
Saudi Arabian Grand Prix,STR,18,2,HARD,2,0.0571,90.131,17,3.756,3.097,39.7,20.3,0,0
Saudi Arabian Grand Prix,STR,19,2,HARD,3,0.0857,90.203,19,2.793,2.956,35.4,20.8,0,0
Saudi Arabian Grand Prix,STR,20,2,HARD,4,0.1143,90.303,17,0.669,3.727,38.1,25.1,0,0
Saudi Arabian Grand Prix,STR,21,2,HARD,5,0.1429,90.002,14,3.851,1.257,32.8,24.6,0,0
Saudi Arabian Grand Prix,STR,22,2,HARD,6,0.1714,90.438,13,3.524,3.359,42.1,28.3,0,0
Saudi Arabian Grand Prix,STR,23,2,HARD,7,0.2,90.555,7,1.731,4.91,38.9,27.1,0,0
Saudi Arabian Grand Prix,STR,24,2,HARD,8,0.2286,90.845,7,4.643,4.858,38.1,24.6,0,0
Saudi Arabian Grand Prix,STR,25,2,HARD,9,0.2571,90.863,13,1.9,1.441,42.7,29.1,0,0
Saudi Arabian Grand Prix,STR,26,2,HARD,10,0.2857,91.546,18,3.12,2.105,32.5,25.0,0,0
Saudi Arabian Grand Prix,STR,27,2,HARD,11,0.3143,91.257,10,3.488,2.023,44.0,29.1,0,0
Saudi Arabian Grand Prix,STR,28,2,HARD,12,0.3429,91.346,16,0.742,0.978,32.6,26.9,0,0
Saudi Arabian Grand Prix,STR,29,2,HARD,13,0.3714,91.377,19,1.61,2.568,39.4,25.6,0,0
Saudi Arabian Grand Prix,STR,30,2,HARD,14,0.4,91.104,18,2.421,3.419,40.9,26.3,0,0
Saudi Arabian Grand Prix,STR,31,2,HARD,15,0.4286,91.644,17,4.958,1.751,37.5,23.3,0,0
Saudi Arabian Grand Prix,STR,32,2,HARD,16,0.4571,91.763,17,2.97,4.083,38.7,29.6,0,0
Saudi Arabian Grand Prix,STR,33,2,HARD,17,0.4857,91.516,16,4.499,1.981,34.7,25.1,0,0
Saudi Arabian Grand Prix,STR,34,2,HARD,18,0.5143,91.878,17,1.065,1.9,43.3,27.7,0,0
Saudi Arabian Grand Prix,STR,35,2,HARD,19,0.5429,91.625,7,3.929,2.773,44.8,24.7,0,0
Saudi Arabian Grand Prix,STR,36,2,HARD,20,0.5714,91.508,18,2.243,4.03,37.4,21.8,0,0
Saudi Arabian Grand Prix,STR,37,2,HARD,21,0.6,91.828,11,1.635,2.709,31.1,26.2,0,0
Saudi Arabian Grand Prix,STR,38,2,HARD,22,0.6286,91.684,16,3.686,3.711,33.8,26.6,0,1
Saudi Arabian Grand Prix,STR,39,2,HARD,23,0.6571,92.423,14,3.179,2.926,44.5,24.8,1,0
Saudi Arabian Grand Prix,STR,40,3,MEDIUM,1,0.0286,89.904,2,0.723,0.926,30.5,25.0,0,0
Saudi Arabian Grand Prix,STR,41,3,MEDIUM,2,0.0571,89.784,7,0.781,3.746,33.5,26.9,0,0
Saudi Arabian Grand Prix,STR,42,3,MEDIUM,3,0.0857,90.517,13,2.922,0.817,44.0,27.7,0,0
Saudi Arabian Grand Prix,STR,43,3,MEDIUM,4,0.1143,90.092,10,2.521,4.084,38.2,26.5,0,0
Saudi Arabian Grand Prix,STR,44,3,MEDIUM,5,0.1429,90.367,8,2.877,1.071,38.9,24.8,0,0
Saudi Arabian Grand Prix,STR,45,3,MEDIUM,6,0.1714,90.624,19,2.326,4.867,31.7,22.7,0,0
Saudi Arabian Grand Prix,STR,46,3,MEDIUM,7,0.2,90.677,17,1.746,0.796,40.6,22.4,0,0
Saudi Arabian Grand Prix,STR,47,3,MEDIUM,8,0.2286,90.436,17,4.847,1.088,35.6,20.3,0,0
Saudi Arabian Grand Prix,STR,48,3,MEDIUM,9,0.2571,90.695,7,0.86,2.635,30.1,20.8,0,0
Saudi Arabian Grand Prix,STR,49,3,MEDIUM,10,0.2857,90.432,4,3.972,4.618,42.8,26.8,0,0
Saudi Arabian Grand Prix,STR,50,3,MEDIUM,11,0.3143,90.781,13,3.863,1.442,38.1,27.4,0,0
Saudi Arabian Grand Prix,STR,51,3,MEDIUM,12,0.3429,90.876,4,1.453,4.066,32.8,20.7,0,0
Australian Grand Prix,VER,1,1,SOFT,1,0.0286,89.589,11,4.668,0.541,31.1,22.5,0,0
Australian Grand Prix,VER,2,1,SOFT,2,0.0571,89.921,6,2.749,0.776,40.7,26.2,0,0
Australian Grand Prix,VER,3,1,SOFT,3,0.0857,89.716,7,4.907,3.634,40.1,22.4,0,0
Australian Grand Prix,VER,4,1,SOFT,4,0.1143,89.896,10,2.489,2.003,37.8,25.9,0,0
Australian Grand Prix,VER,5,1,SOFT,5,0.1429,89.641,14,3.897,4.798,33.6,23.2,0,0
Australian Grand Prix,VER,6,1,SOFT,6,0.1714,90.293,2,3.096,1.197,35.3,27.0,0,0
Australian Grand Prix,VER,7,1,SOFT,7,0.2,89.506,7,0.526,0.853,43.2,20.8,0,0
Australian Grand Prix,VER,8,1,SOFT,8,0.2286,90.374,16,4.215,0.77,35.6,29.3,0,0
Australian Grand Prix,VER,9,1,SOFT,9,0.2571,90.712,2,3.828,0.89,40.0,24.1,0,0
Australian Grand Prix,VER,10,1,SOFT,10,0.2857,90.271,13,0.721,1.36,41.9,24.5,0,0
Australian Grand Prix,VER,11,1,SOFT,11,0.3143,90.119,17,3.87,1.725,31.8,22.5,0,0
Australian Grand Prix,VER,12,1,SOFT,12,0.3429,90.041,11,3.117,2.901,38.9,23.7,0,0
Australian Grand Prix,VER,13,1,SOFT,13,0.3714,90.528,10,1.663,4.184,43.5,27.8,0,0
Australian Grand Prix,VER,14,1,SOFT,14,0.4,90.929,13,0.757,3.528,38.0,26.6,0,1
Australian Grand Prix,VER,15,1,SOFT,15,0.4286,90.271,8,3.765,1.01,36.1,24.9,1,0
Australian Grand Prix,VER,16,2,HARD,1,0.0286,90.797,10,3.952,4.877,34.3,20.7,0,0
Australian Grand Prix,VER,17,2,HARD,2,0.0571,90.735,7,2.354,1.123,40.0,25.2,0,0
Australian Grand Prix,VER,18,2,HARD,3,0.0857,90.303,9,4.581,3.143,31.3,24.5,0,0
Australian Grand Prix,VER,19,2,HARD,4,0.1143,90.769,6,4.526,1.705,36.2,29.0,0,0
Australian Grand Prix,VER,20,2,HARD,5,0.1429,90.825,10,1.353,4.515,36.5,22.0,0,0
Australian Grand Prix,VER,21,2,HARD,6,0.1714,90.233,2,1.577,2.381,33.8,23.2,0,0
Australian Grand Prix,VER,22,2,HARD,7,0.2,90.476,10,3.782,3.019,35.4,28.1,0,0
Australian Grand Prix,VER,23,2,HARD,8,0.2286,91.218,4,1.994,3.85,32.3,21.3,0,0
Australian Grand Prix,VER,24,2,HARD,9,0.2571,90.862,1,3.409,4.43,30.6,28.3,0,0
Australian Grand Prix,VER,25,2,HARD,10,0.2857,91.546,13,1.639,2.999,37.9,26.6,0,0
Australian Grand Prix,VER,26,2,HARD,11,0.3143,91.463,17,3.886,0.579,37.8,25.3,0,0
Australian Grand Prix,VER,27,2,HARD,12,0.3429,90.821,11,1.435,4.095,42.0,24.2,0,0
Australian Grand Prix,VER,28,2,HARD,13,0.3714,91.105,10,4.114,3.028,41.1,26.6,0,0
Australian Grand Prix,VER,29,2,HARD,14,0.4,91.662,2,1.87,0.612,30.1,22.3,0,0
Australian Grand Prix,VER,30,2,HARD,15,0.4286,91.33,2,4.331,4.093,34.0,22.4,0,0
Australian Grand Prix,VER,31,2,HARD,16,0.4571,91.37,9,1.544,3.69,42.4,28.6,0,0
Australian Grand Prix,VER,32,2,HARD,17,0.4857,91.33,9,1.193,3.674,33.7,24.7,0,0
Australian Grand Prix,VER,33,2,HARD,18,0.5143,91.935,7,4.224,2.425,38.9,20.9,0,1
Australian Grand Prix,VER,34,2,HARD,19,0.5429,91.836,8,0.904,4.827,42.1,24.6,1,0
Australian Grand Prix,VER,35,3,MEDIUM,1,0.0286,89.695,4,3.69,1.3,43.3,24.4,0,0
Australian Grand Prix,VER,36,3,MEDIUM,2,0.0571,89.909,16,1.27,1.01,38.6,28.6,0,0
Australian Grand Prix,VER,37,3,MEDIUM,3,0.0857,90.151,9,0.833,4.968,36.1,22.9,0,0
Australian Grand Prix,VER,38,3,MEDIUM,4,0.1143,90.179,9,3.143,1.284,44.4,21.8,0,0
Australian Grand Prix,VER,39,3,MEDIUM,5,0.1429,90.08,1,1.219,1.238,34.3,27.9,0,0
Australian Grand Prix,VER,40,3,MEDIUM,6,0.1714,90.327,14,2.841,3.248,34.0,22.9,0,0
Australian Grand Prix,VER,41,3,MEDIUM,7,0.2,90.771,16,1.241,2.434,34.3,27.4,0,0
Australian Grand Prix,VER,42,3,MEDIUM,8,0.2286,90.514,18,3.147,1.122,36.4,25.5,0,0
Australian Grand Prix,VER,43,3,MEDIUM,9,0.2571,90.196,10,4.003,4.735,42.9,25.6,0,0
Australian Grand Prix,VER,44,3,MEDIUM,10,0.2857,90.83,7,4.216,1.866,36.0,23.2,0,0
Australian Grand Prix,VER,45,3,MEDIUM,11,0.3143,90.29,16,1.346,1.166,31.5,25.8,0,0
Australian Grand Prix,VER,46,3,MEDIUM,12,0.3429,90.753,10,2.144,2.909,41.8,28.2,0,0
Australian Grand Prix,VER,47,3,MEDIUM,13,0.3714,90.582,6,0.734,0.558,41.9,24.8,0,0
Australian Grand Prix,VER,48,3,MEDIUM,14,0.4,91.046,5,0.746,2.91,44.0,26.0,0,0
Australian Grand Prix,VER,49,3,MEDIUM,15,0.4286,91.196,2,4.889,4.846,33.2,28.1,0,0
Australian Grand Prix,VER,50,3,MEDIUM,16,0.4571,91.28,2,2.829,1.06,44.4,22.9,0,0
Australian Grand Prix,HAM,1,1,MEDIUM,1,0.0286,92.492,11,4.856,4.616,32.5,21.2,0,0
Australian Grand Prix,HAM,2,1,MEDIUM,2,0.0571,91.856,9,1.989,4.269,34.6,25.1,0,0
Australian Grand Prix,HAM,3,1,MEDIUM,3,0.0857,92.58,15,4.692,4.588,41.7,20.2,0,0
Australian Grand Prix,HAM,4,1,MEDIUM,4,0.1143,92.32,11,3.81,4.964,39.4,23.7,0,0
Australian Grand Prix,HAM,5,1,MEDIUM,5,0.1429,92.586,10,2.896,1.865,35.9,21.8,0,0
Australian Grand Prix,HAM,6,1,MEDIUM,6,0.1714,92.472,16,1.185,1.688,36.4,27.3,0,0
Australian Grand Prix,HAM,7,1,MEDIUM,7,0.2,92.322,9,2.652,1.313,37.3,27.0,0,0
Australian Grand Prix,HAM,8,1,MEDIUM,8,0.2286,92.416,5,3.953,1.426,34.8,24.7,0,0
Australian Grand Prix,HAM,9,1,MEDIUM,9,0.2571,92.652,16,2.673,3.467,37.7,24.8,0,0
Australian Grand Prix,HAM,10,1,MEDIUM,10,0.2857,92.579,15,3.901,2.675,31.7,21.2,0,0
Australian Grand Prix,HAM,11,1,MEDIUM,11,0.3143,92.988,19,4.365,3.33,41.4,27.7,0,0
Australian Grand Prix,HAM,12,1,MEDIUM,12,0.3429,93.386,17,1.733,4.105,35.7,29.0,0,0
Australian Grand Prix,HAM,13,1,MEDIUM,13,0.3714,93.166,14,1.277,2.207,43.7,26.2,0,0
Australian Grand Prix,HAM,14,1,MEDIUM,14,0.4,93.344,15,4.155,4.397,32.6,28.5,0,0
Australian Grand Prix,HAM,15,1,MEDIUM,15,0.4286,93.308,9,2.22,1.768,40.8,28.6,0,0
Australian Grand Prix,HAM,16,1,MEDIUM,16,0.4571,93.612,10,0.921,2.422,31.9,29.5,0,0
Australian Grand Prix,HAM,17,1,MEDIUM,17,0.4857,92.939,2,2.741,1.895,42.2,28.7,0,0
Australian Grand Prix,HAM,18,1,MEDIUM,18,0.5143,93.447,16,0.711,3.048,41.4,21.4,0,0
Australian Grand Prix,HAM,19,1,MEDIUM,19,0.5429,93.697,16,4.058,1.593,43.6,20.9,0,0
Australian Grand Prix,HAM,20,1,MEDIUM,20,0.5714,93.601,12,4.494,3.386,36.2,22.9,0,0
Australian Grand Prix,HAM,21,1,MEDIUM,21,0.6,93.796,1,4.86,4.699,43.1,24.2,0,1
Australian Grand Prix,HAM,22,1,MEDIUM,22,0.6286,93.247,14,4.563,4.327,36.2,21.1,1,0
Australian Grand Prix,HAM,23,2,HARD,1,0.0286,92.588,14,2.36,2.96,36.5,27.5,0,0
Australian Grand Prix,HAM,24,2,HARD,2,0.0571,92.445,19,1.374,2.915,44.0,28.3,0,0
Australian Grand Prix,HAM,25,2,HARD,3,0.0857,92.593,8,1.208,0.64,44.2,22.4,0,0
Australian Grand Prix,HAM,26,2,HARD,4,0.1143,93.005,3,0.875,4.678,38.7,26.7,0,0
Australian Grand Prix,HAM,27,2,HARD,5,0.1429,92.811,15,1.564,3.476,35.9,23.7,0,0
Australian Grand Prix,HAM,28,2,HARD,6,0.1714,93.122,19,2.078,2.196,38.0,20.0,0,0
Australian Grand Prix,HAM,29,2,HARD,7,0.2,92.848,3,0.57,1.25,39.1,27.1,0,0
Australian Grand Prix,HAM,30,2,HARD,8,0.2286,92.949,16,1.586,0.853,35.3,27.5,0,0
Australian Grand Prix,HAM,31,2,HARD,9,0.2571,93.523,19,4.067,3.217,37.4,20.4,0,0
Australian Grand Prix,HAM,32,2,HARD,10,0.2857,93.327,14,3.276,0.513,30.1,28.1,0,0
Australian Grand Prix,HAM,33,2,HARD,11,0.3143,93.544,13,2.506,4.263,34.0,24.5,0,0
Australian Grand Prix,HAM,34,2,HARD,12,0.3429,93.099,5,4.383,1.697,38.9,25.1,0,0
Australian Grand Prix,HAM,35,2,HARD,13,0.3714,93.572,17,4.079,1.11,36.7,28.3,0,0
Australian Grand Prix,HAM,36,2,HARD,14,0.4,93.465,9,4.684,2.677,37.4,21.2,0,0
Australian Grand Prix,HAM,37,2,HARD,15,0.4286,93.518,1,2.318,2.571,30.2,22.8,0,0
Australian Grand Prix,HAM,38,2,HARD,16,0.4571,93.941,16,4.003,1.09,39.0,20.3,0,0
Australian Grand Prix,HAM,39,2,HARD,17,0.4857,93.53,3,2.848,0.56,30.3,29.7,0,0
Australian Grand Prix,HAM,40,2,HARD,18,0.5143,93.912,10,4.125,0.762,43.8,28.7,0,0
Australian Grand Prix,HAM,41,2,HARD,19,0.5429,93.95,15,2.57,1.84,30.5,25.9,0,0
Australian Grand Prix,HAM,42,2,HARD,20,0.5714,94.08,11,3.284,1.894,31.3,20.9,0,0
Australian Grand Prix,HAM,43,2,HARD,21,0.6,94.21,17,0.694,1.893,34.8,28.4,0,0
Australian Grand Prix,HAM,44,2,HARD,22,0.6286,94.36,15,1.565,4.504,30.1,22.0,0,0
Australian Grand Prix,HAM,45,2,HARD,23,0.6571,94.342,15,0.801,0.627,33.7,28.8,0,0
Australian Grand Prix,HAM,46,2,HARD,24,0.6857,94.509,7,3.758,1.454,31.6,26.9,0,0
Australian Grand Prix,HAM,47,2,HARD,25,0.7143,94.582,12,4.12,0.796,40.4,25.7,0,0
Australian Grand Prix,HAM,48,2,HARD,26,0.7429,94.426,13,1.051,2.903,43.2,24.1,0,0
Australian Grand Prix,HAM,49,2,HARD,27,0.7714,94.44,17,2.654,1.276,41.3,29.1,0,0
Australian Grand Prix,HAM,50,2,HARD,28,0.8,94.706,8,3.521,1.23,37.3,27.4,0,0
Australian Grand Prix,HAM,51,2,HARD,29,0.8286,94.876,7,3.813,3.984,39.8,24.7,0,0
Australian Grand Prix,LEC,1,1,SOFT,1,0.0286,90.823,6,2.775,0.847,34.6,26.6,0,0
Australian Grand Prix,LEC,2,1,SOFT,2,0.0571,90.465,2,1.717,4.202,37.8,24.6,0,0
Australian Grand Prix,LEC,3,1,SOFT,3,0.0857,90.508,9,3.114,3.785,36.2,26.3,0,0
Australian Grand Prix,LEC,4,1,SOFT,4,0.1143,91.092,6,3.903,1.742,43.6,28.2,0,0
Australian Grand Prix,LEC,5,1,SOFT,5,0.1429,91.157,19,2.203,3.874,31.5,24.8,0,0
Australian Grand Prix,LEC,6,1,SOFT,6,0.1714,90.986,17,4.917,1.106,34.7,24.9,0,0
Australian Grand Prix,LEC,7,1,SOFT,7,0.2,90.695,3,3.167,2.21,37.5,26.1,0,0
Australian Grand Prix,LEC,8,1,SOFT,8,0.2286,90.984,1,1.294,4.157,38.1,21.3,0,0
Australian Grand Prix,LEC,9,1,SOFT,9,0.2571,91.93,19,2.595,1.693,41.0,26.4,0,0
Australian Grand Prix,LEC,10,1,SOFT,10,0.2857,91.243,5,1.637,2.33,35.7,27.9,0,0
Australian Grand Prix,LEC,11,1,SOFT,11,0.3143,91.507,2,1.268,1.702,37.6,21.5,0,0
Australian Grand Prix,LEC,12,1,SOFT,12,0.3429,91.759,17,4.72,4.605,44.2,22.4,0,0
Australian Grand Prix,LEC,13,1,SOFT,13,0.3714,92.045,11,2.933,4.856,33.8,28.6,0,0
Australian Grand Prix,LEC,14,1,SOFT,14,0.4,92.181,18,3.027,0.829,41.5,22.8,0,0
Australian Grand Prix,LEC,15,1,SOFT,15,0.4286,92.076,3,3.631,1.241,41.3,29.7,0,0
Australian Grand Prix,LEC,16,1,SOFT,16,0.4571,92.188,5,0.712,3.508,42.9,21.6,0,0
Australian Grand Prix,LEC,17,1,SOFT,17,0.4857,92.071,4,4.34,4.615,34.0,29.0,0,0
Australian Grand Prix,LEC,18,1,SOFT,18,0.5143,92.083,4,4.92,4.924,43.9,27.9,0,0
Australian Grand Prix,LEC,19,1,SOFT,19,0.5429,91.548,11,1.357,3.515,30.0,28.1,0,0
Australian Grand Prix,LEC,20,1,SOFT,20,0.5714,92.024,15,4.53,1.068,31.8,21.5,0,0
Australian Grand Prix,LEC,21,1,SOFT,21,0.6,91.583,10,2.436,4.438,34.5,20.9,0,0
Australian Grand Prix,LEC,22,1,SOFT,22,0.6286,92.409,6,0.727,0.971,43.2,25.3,0,0
Australian Grand Prix,LEC,23,1,SOFT,23,0.6571,92.697,9,2.768,2.952,34.3,29.5,0,0
Australian Grand Prix,LEC,24,1,SOFT,24,0.6857,92.547,6,0.978,2.718,32.4,29.8,0,0
Australian Grand Prix,LEC,25,1,SOFT,25,0.7143,92.693,17,3.439,2.071,44.5,28.0,0,1
Australian Grand Prix,LEC,26,1,SOFT,26,0.7429,92.227,17,3.515,0.824,33.9,27.1,1,0
Australian Grand Prix,LEC,27,2,HARD,1,0.0286,91.61,18,4.052,0.64,44.5,25.3,0,0
Australian Grand Prix,LEC,28,2,HARD,2,0.0571,91.219,6,3.508,4.877,39.1,21.2,0,0
Australian Grand Prix,LEC,29,2,HARD,3,0.0857,91.193,9,1.607,2.894,37.2,27.0,0,0
Australian Grand Prix,LEC,30,2,HARD,4,0.1143,91.799,12,3.081,1.469,42.9,29.4,0,0
Australian Grand Prix,LEC,31,2,HARD,5,0.1429,91.495,14,4.967,4.026,43.8,22.0,0,0
Australian Grand Prix,LEC,32,2,HARD,6,0.1714,92.107,17,2.807,1.705,36.8,24.7,0,0
Australian Grand Prix,LEC,33,2,HARD,7,0.2,91.873,11,3.998,3.005,39.7,20.1,0,0
Australian Grand Prix,LEC,34,2,HARD,8,0.2286,92.0,17,4.756,1.387,43.1,27.0,0,0
Australian Grand Prix,LEC,35,2,HARD,9,0.2571,91.892,1,3.446,2.255,32.9,27.3,0,0
Australian Grand Prix,LEC,36,2,HARD,10,0.2857,92.136,11,1.351,4.554,40.1,26.3,0,0
Australian Grand Prix,LEC,37,2,HARD,11,0.3143,92.153,11,2.401,1.843,33.9,21.6,0,0
Australian Grand Prix,LEC,38,2,HARD,12,0.3429,91.935,7,0.901,2.439,32.6,29.9,0,0
Australian Grand Prix,LEC,39,2,HARD,13,0.3714,92.163,2,3.593,1.964,31.4,29.8,0,0
Australian Grand Prix,LEC,40,2,HARD,14,0.4,92.275,16,4.146,2.915,34.2,20.6,0,0
Australian Grand Prix,LEC,41,2,HARD,15,0.4286,92.086,19,1.079,0.583,40.3,23.0,0,0
Australian Grand Prix,LEC,42,2,HARD,16,0.4571,92.328,5,3.133,2.809,37.4,23.3,0,0
Australian Grand Prix,LEC,43,2,HARD,17,0.4857,92.757,17,0.903,2.452,35.3,25.2,0,0
Australian Grand Prix,LEC,44,2,HARD,18,0.5143,93.016,11,1.871,1.318,31.3,27.1,0,0
Australian Grand Prix,LEC,45,2,HARD,19,0.5429,92.542,8,2.497,1.346,39.8,21.5,0,0
Australian Grand Prix,LEC,46,2,HARD,20,0.5714,93.229,12,1.893,3.487,40.0,22.9,0,0
Australian Grand Prix,LEC,47,2,HARD,21,0.6,93.634,3,1.325,2.442,42.3,28.4,0,0
Australian Grand Prix,LEC,48,2,HARD,22,0.6286,93.349,1,0.658,4.603,41.6,24.5,0,0
Australian Grand Prix,LEC,49,2,HARD,23,0.6571,93.161,18,3.401,2.028,40.6,25.6,0,0
Australian Grand Prix,LEC,50,2,HARD,24,0.6857,93.42,11,1.378,4.517,36.9,26.8,0,0
Australian Grand Prix,LEC,51,2,HARD,25,0.7143,92.987,11,4.421,4.995,39.1,24.0,0,0
Australian Grand Prix,LEC,52,2,HARD,26,0.7429,93.2,17,4.305,3.249,30.6,29.0,0,0
Australian Grand Prix,LEC,53,2,HARD,27,0.7714,93.256,1,2.226,4.265,39.8,26.1,0,0
Australian Grand Prix,LEC,54,2,HARD,28,0.8,93.8,6,1.888,0.59,38.7,27.0,0,0
Australian Grand Prix,LEC,55,2,HARD,29,0.8286,93.491,10,1.131,2.949,30.1,21.0,0,0
Australian Grand Prix,LEC,56,2,HARD,30,0.8571,93.711,19,2.733,2.316,40.2,24.2,0,0
Australian Grand Prix,NOR,1,1,MEDIUM,1,0.0286,91.902,13,2.016,3.063,42.9,20.8,0,0
Australian Grand Prix,NOR,2,1,MEDIUM,2,0.0571,92.156,4,4.248,1.063,31.9,25.6,0,0
Australian Grand Prix,NOR,3,1,MEDIUM,3,0.0857,91.8,1,2.367,1.971,39.1,29.3,0,0
Australian Grand Prix,NOR,4,1,MEDIUM,4,0.1143,92.45,10,1.576,4.041,30.8,23.7,0,0
Australian Grand Prix,NOR,5,1,MEDIUM,5,0.1429,92.336,9,3.46,4.816,44.0,27.9,0,0
Australian Grand Prix,NOR,6,1,MEDIUM,6,0.1714,92.076,9,3.382,1.668,31.3,21.2,0,0
Australian Grand Prix,NOR,7,1,MEDIUM,7,0.2,92.632,15,1.169,2.553,37.4,20.4,0,0
Australian Grand Prix,NOR,8,1,MEDIUM,8,0.2286,92.598,5,2.272,1.363,30.9,25.9,0,0
Australian Grand Prix,NOR,9,1,MEDIUM,9,0.2571,92.44,10,3.868,4.826,36.9,22.4,0,0
Australian Grand Prix,NOR,10,1,MEDIUM,10,0.2857,92.671,19,3.077,2.753,42.8,25.3,0,0
Australian Grand Prix,NOR,11,1,MEDIUM,11,0.3143,92.866,5,2.523,1.349,37.6,25.3,0,0
Australian Grand Prix,NOR,12,1,MEDIUM,12,0.3429,92.946,3,3.339,2.073,34.4,23.9,0,0
Australian Grand Prix,NOR,13,1,MEDIUM,13,0.3714,93.074,11,4.639,0.748,42.3,20.4,0,0
Australian Grand Prix,NOR,14,1,MEDIUM,14,0.4,93.126,14,3.68,1.841,36.2,22.2,0,0
Australian Grand Prix,NOR,15,1,MEDIUM,15,0.4286,92.497,11,4.625,3.675,40.1,23.9,0,1
Australian Grand Prix,NOR,16,1,MEDIUM,16,0.4571,93.613,8,1.499,4.211,39.1,24.4,1,0
Australian Grand Prix,NOR,17,2,HARD,1,0.0286,92.413,9,4.28,3.762,43.4,21.2,0,0
Australian Grand Prix,NOR,18,2,HARD,2,0.0571,92.63,18,4.039,1.906,43.7,28.4,0,0
Australian Grand Prix,NOR,19,2,HARD,3,0.0857,92.169,7,1.346,3.312,35.0,22.1,0,0
Australian Grand Prix,NOR,20,2,HARD,4,0.1143,92.319,6,2.628,0.676,39.6,20.5,0,0
Australian Grand Prix,NOR,21,2,HARD,5,0.1429,92.498,5,4.87,2.471,42.9,25.7,0,0
Australian Grand Prix,NOR,22,2,HARD,6,0.1714,92.835,18,2.178,1.155,36.1,21.1,0,0
Australian Grand Prix,NOR,23,2,HARD,7,0.2,92.58,4,0.684,2.873,43.3,28.4,0,0
Australian Grand Prix,NOR,24,2,HARD,8,0.2286,93.111,13,1.997,2.472,33.9,21.6,0,0
Australian Grand Prix,NOR,25,2,HARD,9,0.2571,92.989,17,2.816,1.401,34.8,25.9,0,0
Australian Grand Prix,NOR,26,2,HARD,10,0.2857,93.24,4,0.996,3.746,32.3,28.5,0,0
Australian Grand Prix,NOR,27,2,HARD,11,0.3143,93.319,5,1.846,1.925,40.1,20.3,0,0
Australian Grand Prix,NOR,28,2,HARD,12,0.3429,93.385,5,2.041,3.964,38.4,28.8,0,0
Australian Grand Prix,NOR,29,2,HARD,13,0.3714,93.403,11,4.938,2.807,44.0,25.2,0,0
Australian Grand Prix,NOR,30,2,HARD,14,0.4,93.1,8,4.719,2.884,39.2,24.8,0,0
Australian Grand Prix,NOR,31,2,HARD,15,0.4286,93.207,7,1.725,1.262,39.3,27.2,0,0
Australian Grand Prix,NOR,32,2,HARD,16,0.4571,93.917,19,4.471,3.121,31.9,24.6,0,0
Australian Grand Prix,NOR,33,2,HARD,17,0.4857,93.712,13,3.603,2.048,34.2,30.0,0,0
Australian Grand Prix,NOR,34,2,HARD,18,0.5143,93.86,14,3.627,4.081,35.1,20.1,0,0
Australian Grand Prix,NOR,35,2,HARD,19,0.5429,94.075,19,0.571,0.914,34.9,24.4,0,0
Australian Grand Prix,NOR,36,2,HARD,20,0.5714,93.986,5,1.151,3.629,32.1,26.4,0,0
Australian Grand Prix,NOR,37,2,HARD,21,0.6,93.508,19,2.993,4.689,30.1,27.5,0,1
Australian Grand Prix,NOR,38,2,HARD,22,0.6286,93.954,19,2.941,2.874,32.1,20.0,1,0
Australian Grand Prix,NOR,39,3,MEDIUM,1,0.0286,91.697,2,0.894,3.352,43.7,22.1,0,0
Australian Grand Prix,NOR,40,3,MEDIUM,2,0.0571,91.848,16,3.534,1.101,42.1,29.9,0,0
Australian Grand Prix,NOR,41,3,MEDIUM,3,0.0857,92.133,18,3.197,1.271,41.1,23.0,0,0
Australian Grand Prix,NOR,42,3,MEDIUM,4,0.1143,91.916,9,4.169,4.502,37.8,25.7,0,0
Australian Grand Prix,NOR,43,3,MEDIUM,5,0.1429,92.348,14,1.679,4.468,43.4,22.0,0,0
Australian Grand Prix,NOR,44,3,MEDIUM,6,0.1714,92.125,11,3.71,3.467,39.4,22.8,0,0
Australian Grand Prix,NOR,45,3,MEDIUM,7,0.2,92.448,19,0.963,3.736,37.6,27.1,0,0
Australian Grand Prix,NOR,46,3,MEDIUM,8,0.2286,92.274,3,0.616,2.035,42.0,29.0,0,0
Australian Grand Prix,NOR,47,3,MEDIUM,9,0.2571,92.268,13,4.697,3.346,34.3,26.4,0,0
Australian Grand Prix,NOR,48,3,MEDIUM,10,0.2857,92.384,19,4.336,2.751,40.2,23.9,0,0
Australian Grand Prix,NOR,49,3,MEDIUM,11,0.3143,92.455,1,2.43,3.435,40.9,20.0,0,0
Australian Grand Prix,NOR,50,3,MEDIUM,12,0.3429,92.602,16,4.103,2.542,40.1,23.2,0,0
Australian Grand Prix,NOR,51,3,MEDIUM,13,0.3714,92.657,5,0.981,3.738,42.8,22.6,0,0
Australian Grand Prix,NOR,52,3,MEDIUM,14,0.4,92.584,5,3.14,3.31,39.8,20.7,0,0
Australian Grand Prix,NOR,53,3,MEDIUM,15,0.4286,92.941,18,2.215,2.353,40.9,24.5,0,0
Australian Grand Prix,NOR,54,3,MEDIUM,16,0.4571,93.293,16,1.402,2.361,33.1,28.8,0,0
Australian Grand Prix,SAI,1,1,SOFT,1,0.0286,91.223,17,2.62,2.35,33.5,27.3,0,0
Australian Grand Prix,SAI,2,1,SOFT,2,0.0571,91.881,13,3.265,4.245,37.4,21.2,0,0
Australian Grand Prix,SAI,3,1,SOFT,3,0.0857,91.663,4,1.033,3.406,33.8,28.4,0,0
Australian Grand Prix,SAI,4,1,SOFT,4,0.1143,91.663,10,2.347,1.541,32.0,22.0,0,0
Australian Grand Prix,SAI,5,1,SOFT,5,0.1429,92.033,16,0.565,3.087,36.0,23.7,0,0
Australian Grand Prix,SAI,6,1,SOFT,6,0.1714,92.033,4,2.11,0.538,42.6,20.3,0,0
Australian Grand Prix,SAI,7,1,SOFT,7,0.2,91.863,9,1.979,3.249,43.1,20.2,0,0
Australian Grand Prix,SAI,8,1,SOFT,8,0.2286,91.896,6,0.743,2.558,38.2,28.9,0,0
Australian Grand Prix,SAI,9,1,SOFT,9,0.2571,92.258,13,4.202,1.445,35.9,23.2,0,0
Australian Grand Prix,SAI,10,1,SOFT,10,0.2857,92.152,9,1.739,0.838,40.6,24.8,0,0
Australian Grand Prix,SAI,11,1,SOFT,11,0.3143,92.426,7,3.677,2.707,33.9,28.8,0,0
Australian Grand Prix,SAI,12,1,SOFT,12,0.3429,92.227,13,2.654,0.701,34.6,22.9,0,0
Australian Grand Prix,SAI,13,1,SOFT,13,0.3714,92.762,15,4.126,3.511,41.0,24.3,0,0
Australian Grand Prix,SAI,14,1,SOFT,14,0.4,92.985,9,3.563,1.046,31.7,24.1,0,0
Australian Grand Prix,SAI,15,1,SOFT,15,0.4286,93.221,1,2.463,4.874,30.6,23.2,0,0
Australian Grand Prix,SAI,16,1,SOFT,16,0.4571,93.161,18,4.386,3.976,32.5,28.2,0,0
Australian Grand Prix,SAI,17,1,SOFT,17,0.4857,92.624,5,1.959,4.898,30.6,24.5,0,0
Australian Grand Prix,SAI,18,1,SOFT,18,0.5143,92.986,6,4.5,0.717,38.4,26.5,0,0
Australian Grand Prix,SAI,19,1,SOFT,19,0.5429,92.941,9,1.238,2.216,32.1,26.2,0,1
Australian Grand Prix,SAI,20,1,SOFT,20,0.5714,93.29,2,4.776,0.785,39.0,20.6,1,0
Australian Grand Prix,SAI,21,2,HARD,1,0.0286,92.539,3,4.219,4.612,43.2,30.0,0,0
Australian Grand Prix,SAI,22,2,HARD,2,0.0571,92.783,4,1.917,1.08,37.0,26.0,0,0
Australian Grand Prix,SAI,23,2,HARD,3,0.0857,92.47,5,0.618,3.597,39.1,29.4,0,0
Australian Grand Prix,SAI,24,2,HARD,4,0.1143,92.695,3,4.576,2.823,32.3,29.2,0,0
Australian Grand Prix,SAI,25,2,HARD,5,0.1429,92.792,9,3.793,3.691,33.0,22.1,0,0
Australian Grand Prix,SAI,26,2,HARD,6,0.1714,92.643,10,1.954,4.275,34.5,26.6,0,0
Australian Grand Prix,SAI,27,2,HARD,7,0.2,93.158,9,3.591,4.61,39.1,25.6,0,0
Australian Grand Prix,SAI,28,2,HARD,8,0.2286,93.091,19,2.549,4.588,31.6,27.2,0,0
Australian Grand Prix,SAI,29,2,HARD,9,0.2571,93.245,10,2.054,4.96,31.5,24.0,0,0
Australian Grand Prix,SAI,30,2,HARD,10,0.2857,93.292,2,4.277,2.517,39.6,22.2,0,0
Australian Grand Prix,SAI,31,2,HARD,11,0.3143,93.144,8,2.629,3.28,36.8,28.9,0,0
Australian Grand Prix,SAI,32,2,HARD,12,0.3429,93.692,10,2.347,1.535,36.1,28.3,0,0
Australian Grand Prix,SAI,33,2,HARD,13,0.3714,93.461,8,4.197,0.768,39.2,23.8,0,0
Australian Grand Prix,SAI,34,2,HARD,14,0.4,93.631,14,3.997,1.711,42.2,25.3,0,0
Australian Grand Prix,SAI,35,2,HARD,15,0.4286,93.692,7,4.909,1.707,30.6,27.1,0,0
Australian Grand Prix,SAI,36,2,HARD,16,0.4571,93.472,15,1.721,2.622,40.7,24.4,0,0
Australian Grand Prix,SAI,37,2,HARD,17,0.4857,93.755,19,1.291,4.821,40.4,28.0,0,0
Australian Grand Prix,SAI,38,2,HARD,18,0.5143,93.45,4,3.392,1.975,42.9,21.2,0,0
Australian Grand Prix,SAI,39,2,HARD,19,0.5429,93.685,4,4.769,1.264,44.5,20.1,0,0
Australian Grand Prix,SAI,40,2,HARD,20,0.5714,93.504,17,1.442,1.584,31.9,27.2,0,0
Australian Grand Prix,SAI,41,2,HARD,21,0.6,94.045,2,3.586,4.25,33.7,26.1,0,0
Australian Grand Prix,SAI,42,2,HARD,22,0.6286,93.731,17,4.0,3.825,43.4,24.5,0,0
Australian Grand Prix,SAI,43,2,HARD,23,0.6571,94.559,19,4.778,3.784,30.8,28.8,0,0
Australian Grand Prix,SAI,44,2,HARD,24,0.6857,94.3,6,1.105,1.941,43.7,24.1,0,0
Australian Grand Prix,SAI,45,2,HARD,25,0.7143,94.698,1,1.614,4.133,41.4,23.9,0,0
Australian Grand Prix,SAI,46,2,HARD,26,0.7429,94.484,4,3.84,3.967,37.5,23.1,0,0
Australian Grand Prix,SAI,47,2,HARD,27,0.7714,94.711,11,0.581,2.672,35.0,27.4,0,0
Australian Grand Prix,SAI,48,2,HARD,28,0.8,94.894,16,1.805,3.33,31.8,26.5,0,0
Australian Grand Prix,SAI,49,2,HARD,29,0.8286,94.611,13,1.68,4.275,30.5,25.2,0,0
Australian Grand Prix,SAI,50,2,HARD,30,0.8571,95.263,5,4.058,1.101,34.7,26.2,0,0
Australian Grand Prix,SAI,51,2,HARD,31,0.8857,95.386,10,4.439,2.37,36.0,20.4,0,0
Australian Grand Prix,SAI,52,2,HARD,32,0.9143,95.43,6,1.867,4.645,34.8,22.5,0,0
Australian Grand Prix,SAI,53,2,HARD,33,0.9429,95.173,19,3.525,1.385,43.4,21.1,0,0
Australian Grand Prix,SAI,54,2,HARD,34,0.9714,95.142,2,2.232,2.31,41.7,29.6,0,0
Australian Grand Prix,SAI,55,2,HARD,35,1.0,95.694,2,2.711,3.749,44.1,20.9,0,0
Australian Grand Prix,SAI,56,2,HARD,36,1.0286,95.687,8,1.581,3.467,43.6,29.8,0,0
Australian Grand Prix,PER,1,1,SOFT,1,0.0286,91.856,11,0.81,4.981,34.3,21.5,0,0
Australian Grand Prix,PER,2,1,SOFT,2,0.0571,91.07,6,2.277,2.008,33.1,23.8,0,0
Australian Grand Prix,PER,3,1,SOFT,3,0.0857,91.797,16,3.91,3.121,40.3,25.7,0,0
Australian Grand Prix,PER,4,1,SOFT,4,0.1143,92.145,17,1.072,0.763,34.6,21.6,0,0
Australian Grand Prix,PER,5,1,SOFT,5,0.1429,91.751,7,3.923,0.571,38.4,23.8,0,0
Australian Grand Prix,PER,6,1,SOFT,6,0.1714,92.668,15,1.828,3.8,43.1,21.9,0,0
Australian Grand Prix,PER,7,1,SOFT,7,0.2,92.108,7,1.621,2.038,32.5,25.8,0,0
Australian Grand Prix,PER,8,1,SOFT,8,0.2286,92.183,5,0.958,0.721,30.1,23.3,0,0
Australian Grand Prix,PER,9,1,SOFT,9,0.2571,91.705,2,2.353,1.998,40.0,22.2,0,0
Australian Grand Prix,PER,10,1,SOFT,10,0.2857,92.473,18,1.419,1.612,44.9,21.0,0,0
Australian Grand Prix,PER,11,1,SOFT,11,0.3143,92.397,17,4.915,3.262,41.9,20.9,0,0
Australian Grand Prix,PER,12,1,SOFT,12,0.3429,92.575,16,0.656,1.939,38.9,26.0,0,0
Australian Grand Prix,PER,13,1,SOFT,13,0.3714,92.339,5,3.252,3.632,35.1,21.1,0,0
Australian Grand Prix,PER,14,1,SOFT,14,0.4,92.63,9,3.422,1.236,30.5,21.4,0,0
Australian Grand Prix,PER,15,1,SOFT,15,0.4286,92.497,13,0.619,2.01,44.6,28.7,0,1
Australian Grand Prix,PER,16,1,SOFT,16,0.4571,92.977,11,1.074,4.565,40.1,29.0,1,0
Australian Grand Prix,PER,17,2,HARD,1,0.0286,91.918,10,2.466,4.03,31.4,25.2,0,0
Australian Grand Prix,PER,18,2,HARD,2,0.0571,92.518,8,3.642,1.435,30.3,24.8,0,0
Australian Grand Prix,PER,19,2,HARD,3,0.0857,92.6,15,1.061,3.138,41.5,29.9,0,0
Australian Grand Prix,PER,20,2,HARD,4,0.1143,92.779,10,4.937,3.38,42.9,29.5,0,0
Australian Grand Prix,PER,21,2,HARD,5,0.1429,92.837,3,4.401,3.86,42.9,24.9,0,0
Australian Grand Prix,PER,22,2,HARD,6,0.1714,92.853,8,2.946,3.703,33.2,26.7,0,0
Australian Grand Prix,PER,23,2,HARD,7,0.2,92.646,12,3.014,4.566,31.7,21.8,0,0
Australian Grand Prix,PER,24,2,HARD,8,0.2286,92.656,10,4.036,2.581,44.1,24.9,0,0
Australian Grand Prix,PER,25,2,HARD,9,0.2571,92.944,18,3.236,3.091,32.5,21.2,0,0
Australian Grand Prix,PER,26,2,HARD,10,0.2857,93.228,2,3.41,4.235,30.7,28.5,0,0
Australian Grand Prix,PER,27,2,HARD,11,0.3143,93.249,17,1.388,1.928,34.2,25.3,0,0
Australian Grand Prix,PER,28,2,HARD,12,0.3429,93.161,16,2.54,2.827,41.5,24.5,0,0
Australian Grand Prix,PER,29,2,HARD,13,0.3714,93.374,17,3.283,1.009,32.3,24.4,0,0
Australian Grand Prix,PER,30,2,HARD,14,0.4,93.761,3,2.61,1.822,34.2,25.0,0,0
Australian Grand Prix,PER,31,2,HARD,15,0.4286,93.318,7,2.405,2.817,32.6,26.6,0,0
Australian Grand Prix,PER,32,2,HARD,16,0.4571,93.441,12,3.664,1.812,37.1,29.6,0,0
Australian Grand Prix,PER,33,2,HARD,17,0.4857,93.796,13,0.903,4.817,40.7,27.9,0,0
Australian Grand Prix,PER,34,2,HARD,18,0.5143,93.894,16,4.806,2.746,44.0,25.8,0,0
Australian Grand Prix,PER,35,2,HARD,19,0.5429,94.205,14,2.545,1.442,30.1,22.4,0,0
Australian Grand Prix,PER,36,2,HARD,20,0.5714,93.279,1,2.048,4.987,41.6,27.6,0,0
Australian Grand Prix,PER,37,2,HARD,21,0.6,94.001,8,3.068,3.923,32.2,25.7,0,0
Australian Grand Prix,PER,38,2,HARD,22,0.6286,93.827,15,2.386,4.025,34.0,27.0,0,1
Australian Grand Prix,PER,39,2,HARD,23,0.6571,93.926,13,1.889,1.086,33.0,25.9,1,0
Australian Grand Prix,PER,40,3,MEDIUM,1,0.0286,91.854,15,0.823,3.863,30.8,25.4,0,0
Australian Grand Prix,PER,41,3,MEDIUM,2,0.0571,92.023,10,1.308,3.601,38.5,28.6,0,0
Australian Grand Prix,PER,42,3,MEDIUM,3,0.0857,92.178,7,4.534,3.363,41.0,29.2,0,0
Australian Grand Prix,PER,43,3,MEDIUM,4,0.1143,92.107,15,3.393,2.219,44.4,23.3,0,0
Australian Grand Prix,PER,44,3,MEDIUM,5,0.1429,92.481,7,1.89,3.251,44.5,21.0,0,0
Australian Grand Prix,PER,45,3,MEDIUM,6,0.1714,92.196,12,1.769,2.496,32.6,28.7,0,0
Australian Grand Prix,PER,46,3,MEDIUM,7,0.2,92.308,1,4.019,1.2,35.9,24.9,0,0
Australian Grand Prix,PER,47,3,MEDIUM,8,0.2286,92.575,9,2.388,1.924,30.5,21.4,0,0
Australian Grand Prix,PER,48,3,MEDIUM,9,0.2571,92.616,1,4.901,4.974,38.3,21.7,0,0
Australian Grand Prix,PER,49,3,MEDIUM,10,0.2857,92.69,9,4.411,2.994,39.1,29.3,0,0
Australian Grand Prix,PER,50,3,MEDIUM,11,0.3143,93.066,6,0.502,3.183,43.7,22.9,0,0
Australian Grand Prix,RUS,1,1,SOFT,1,0.0286,91.103,5,1.168,2.363,37.3,22.6,0,0
Australian Grand Prix,RUS,2,1,SOFT,2,0.0571,90.656,12,2.41,1.205,36.4,25.4,0,0
Australian Grand Prix,RUS,3,1,SOFT,3,0.0857,90.883,16,3.639,2.885,35.9,26.2,0,0
Australian Grand Prix,RUS,4,1,SOFT,4,0.1143,90.711,5,2.936,1.958,32.0,28.9,0,0
Australian Grand Prix,RUS,5,1,SOFT,5,0.1429,90.727,2,4.452,3.136,40.1,28.0,0,0
Australian Grand Prix,RUS,6,1,SOFT,6,0.1714,90.966,6,4.171,4.112,42.7,21.2,0,0
Australian Grand Prix,RUS,7,1,SOFT,7,0.2,91.727,16,4.616,0.91,39.7,24.1,0,0
Australian Grand Prix,RUS,8,1,SOFT,8,0.2286,91.812,15,2.105,1.797,33.9,26.6,0,0
Australian Grand Prix,RUS,9,1,SOFT,9,0.2571,91.251,9,3.453,4.468,37.3,25.4,0,0
Australian Grand Prix,RUS,10,1,SOFT,10,0.2857,91.124,16,2.498,1.286,33.0,22.8,0,0
Australian Grand Prix,RUS,11,1,SOFT,11,0.3143,91.534,18,0.814,3.549,32.6,23.4,0,0
Australian Grand Prix,RUS,12,1,SOFT,12,0.3429,91.689,19,1.907,0.977,30.3,28.0,0,0
Australian Grand Prix,RUS,13,1,SOFT,13,0.3714,91.748,2,3.933,2.809,40.1,28.5,0,1
Australian Grand Prix,RUS,14,1,SOFT,14,0.4,91.872,13,3.831,2.943,37.9,23.5,1,0
Australian Grand Prix,RUS,15,2,HARD,1,0.0286,91.629,1,3.449,2.383,40.7,28.6,0,0
Australian Grand Prix,RUS,16,2,HARD,2,0.0571,91.67,15,0.858,2.696,32.3,23.7,0,0
Australian Grand Prix,RUS,17,2,HARD,3,0.0857,91.495,1,3.072,4.563,35.9,29.8,0,0
Australian Grand Prix,RUS,18,2,HARD,4,0.1143,91.89,14,1.225,4.982,32.7,25.0,0,0
Australian Grand Prix,RUS,19,2,HARD,5,0.1429,92.357,19,3.364,4.254,42.0,23.5,0,0
Australian Grand Prix,RUS,20,2,HARD,6,0.1714,91.917,15,1.58,4.526,38.1,29.8,0,0
Australian Grand Prix,RUS,21,2,HARD,7,0.2,91.712,3,4.14,4.102,36.9,26.1,0,0
Australian Grand Prix,RUS,22,2,HARD,8,0.2286,92.484,13,2.382,2.96,38.3,25.0,0,0
Australian Grand Prix,RUS,23,2,HARD,9,0.2571,92.365,5,4.672,3.149,36.1,26.5,0,0
Australian Grand Prix,RUS,24,2,HARD,10,0.2857,92.1,4,2.917,1.416,32.3,28.8,0,0
Australian Grand Prix,RUS,25,2,HARD,11,0.3143,92.432,3,4.882,0.537,43.5,29.3,0,0
Australian Grand Prix,RUS,26,2,HARD,12,0.3429,92.632,18,4.148,4.762,32.0,25.0,0,0
Australian Grand Prix,RUS,27,2,HARD,13,0.3714,92.335,2,0.654,1.267,37.5,25.9,0,0
Australian Grand Prix,RUS,28,2,HARD,14,0.4,92.595,13,4.137,1.293,39.1,23.4,0,0
Australian Grand Prix,RUS,29,2,HARD,15,0.4286,92.484,19,1.92,0.891,33.3,21.9,0,0
Australian Grand Prix,RUS,30,2,HARD,16,0.4571,93.3,12,0.554,1.819,30.1,23.8,0,0
Australian Grand Prix,RUS,31,2,HARD,17,0.4857,92.699,7,3.153,2.62,38.6,29.3,0,0
Australian Grand Prix,RUS,32,2,HARD,18,0.5143,92.864,1,1.682,2.77,41.2,25.0,0,0
Australian Grand Prix,RUS,33,2,HARD,19,0.5429,93.31,11,3.756,4.127,34.3,26.6,0,0
Australian Grand Prix,RUS,34,2,HARD,20,0.5714,93.389,8,0.787,0.642,33.9,29.0,0,0
Australian Grand Prix,RUS,35,2,HARD,21,0.6,93.187,4,1.91,3.891,33.3,23.9,0,0
Australian Grand Prix,RUS,36,2,HARD,22,0.6286,93.414,17,1.466,2.102,34.3,21.8,0,0
Australian Grand Prix,RUS,37,2,HARD,23,0.6571,93.559,8,4.129,2.796,44.7,22.8,0,0
Australian Grand Prix,RUS,38,2,HARD,24,0.6857,92.777,11,0.904,3.158,39.0,24.2,0,1
Australian Grand Prix,RUS,39,2,HARD,25,0.7143,93.294,15,0.743,2.824,37.6,21.5,1,0
Australian Grand Prix,RUS,40,3,MEDIUM,1,0.0286,91.29,5,1.386,3.998,42.5,23.6,0,0
Australian Grand Prix,RUS,41,3,MEDIUM,2,0.0571,91.102,3,1.537,1.974,33.1,24.9,0,0
Australian Grand Prix,RUS,42,3,MEDIUM,3,0.0857,91.629,11,4.118,4.064,31.9,24.0,0,0
Australian Grand Prix,RUS,43,3,MEDIUM,4,0.1143,91.486,17,4.584,4.309,37.4,20.4,0,0
Australian Grand Prix,RUS,44,3,MEDIUM,5,0.1429,92.014,16,4.882,1.538,41.6,23.4,0,0
Australian Grand Prix,RUS,45,3,MEDIUM,6,0.1714,91.712,10,4.154,1.938,32.5,24.4,0,0
Australian Grand Prix,RUS,46,3,MEDIUM,7,0.2,91.629,10,3.795,0.895,40.0,29.0,0,0
Australian Grand Prix,RUS,47,3,MEDIUM,8,0.2286,91.784,17,2.792,3.324,35.3,23.2,0,0
Australian Grand Prix,RUS,48,3,MEDIUM,9,0.2571,91.872,18,1.069,2.645,41.5,22.6,0,0
Australian Grand Prix,RUS,49,3,MEDIUM,10,0.2857,91.843,12,1.161,2.985,41.3,22.8,0,0
Australian Grand Prix,RUS,50,3,MEDIUM,11,0.3143,92.062,2,1.053,1.414,36.0,28.5,0,0
Australian Grand Prix,RUS,51,3,MEDIUM,12,0.3429,91.735,14,3.291,1.824,31.3,27.6,0,0
Australian Grand Prix,RUS,52,3,MEDIUM,13,0.3714,92.088,7,0.877,4.968,31.9,20.7,0,0
Australian Grand Prix,RUS,53,3,MEDIUM,14,0.4,91.792,6,1.858,3.426,34.9,23.9,0,0
Australian Grand Prix,RUS,54,3,MEDIUM,15,0.4286,92.146,12,3.449,0.537,41.7,26.7,0,0
Australian Grand Prix,PIA,1,1,MEDIUM,1,0.0286,91.848,17,2.085,1.845,38.4,20.1,0,0
Australian Grand Prix,PIA,2,1,MEDIUM,2,0.0571,92.254,10,4.641,2.616,30.4,26.9,0,0
Australian Grand Prix,PIA,3,1,MEDIUM,3,0.0857,91.981,12,2.483,4.976,36.3,26.1,0,0
Australian Grand Prix,PIA,4,1,MEDIUM,4,0.1143,92.373,8,4.028,4.209,40.9,28.3,0,0
Australian Grand Prix,PIA,5,1,MEDIUM,5,0.1429,92.243,8,3.045,3.421,35.3,29.2,0,0
Australian Grand Prix,PIA,6,1,MEDIUM,6,0.1714,92.659,5,4.626,3.021,32.3,27.9,0,0
Australian Grand Prix,PIA,7,1,MEDIUM,7,0.2,92.432,15,2.181,1.464,38.8,24.4,0,0
Australian Grand Prix,PIA,8,1,MEDIUM,8,0.2286,92.715,16,2.103,0.533,30.9,24.3,0,0
Australian Grand Prix,PIA,9,1,MEDIUM,9,0.2571,92.786,4,0.948,1.726,42.5,29.8,0,0
Australian Grand Prix,PIA,10,1,MEDIUM,10,0.2857,92.811,9,2.763,0.733,44.1,25.3,0,0
Australian Grand Prix,PIA,11,1,MEDIUM,11,0.3143,92.96,12,2.143,4.607,41.7,27.6,0,0
Australian Grand Prix,PIA,12,1,MEDIUM,12,0.3429,93.443,8,1.002,1.165,36.4,22.0,0,0
Australian Grand Prix,PIA,13,1,MEDIUM,13,0.3714,93.459,14,4.123,0.588,42.5,21.4,0,0
Australian Grand Prix,PIA,14,1,MEDIUM,14,0.4,93.219,13,3.069,2.872,30.6,26.2,0,0
Australian Grand Prix,PIA,15,1,MEDIUM,15,0.4286,93.363,16,2.76,3.747,30.1,25.9,0,0
Australian Grand Prix,PIA,16,1,MEDIUM,16,0.4571,93.259,11,2.272,1.523,32.6,26.7,0,0
Australian Grand Prix,PIA,17,1,MEDIUM,17,0.4857,93.688,18,3.396,0.896,43.4,23.9,0,0
Australian Grand Prix,PIA,18,1,MEDIUM,18,0.5143,93.424,3,1.915,4.146,34.0,22.2,0,0
Australian Grand Prix,PIA,19,1,MEDIUM,19,0.5429,93.119,5,4.689,1.606,38.7,22.7,0,0
Australian Grand Prix,PIA,20,1,MEDIUM,20,0.5714,93.204,4,0.62,3.029,33.2,23.4,0,0
Australian Grand Prix,PIA,21,1,MEDIUM,21,0.6,93.953,15,2.838,2.527,30.2,25.6,0,1
Australian Grand Prix,PIA,22,1,MEDIUM,22,0.6286,94.087,16,3.071,0.8,31.7,26.0,1,0
Australian Grand Prix,PIA,23,2,HARD,1,0.0286,92.993,1,2.273,1.694,32.5,26.9,0,0
Australian Grand Prix,PIA,24,2,HARD,2,0.0571,92.982,8,1.998,3.897,39.7,26.4,0,0
Australian Grand Prix,PIA,25,2,HARD,3,0.0857,92.986,11,3.254,2.181,40.5,28.4,0,0
Australian Grand Prix,PIA,26,2,HARD,4,0.1143,92.834,3,1.635,1.417,35.1,24.8,0,0
Australian Grand Prix,PIA,27,2,HARD,5,0.1429,93.373,16,0.935,4.783,41.9,23.7,0,0
Australian Grand Prix,PIA,28,2,HARD,6,0.1714,92.812,18,2.864,3.762,36.5,26.3,0,0
Australian Grand Prix,PIA,29,2,HARD,7,0.2,93.061,17,2.895,2.31,32.4,21.2,0,0
Australian Grand Prix,PIA,30,2,HARD,8,0.2286,93.63,1,1.641,0.834,31.6,28.1,0,0
Australian Grand Prix,PIA,31,2,HARD,9,0.2571,93.067,14,1.816,3.578,41.9,21.1,0,0
Australian Grand Prix,PIA,32,2,HARD,10,0.2857,93.046,2,3.039,1.015,45.0,24.3,0,0
Australian Grand Prix,PIA,33,2,HARD,11,0.3143,93.381,18,1.767,1.599,38.4,20.2,0,0
Australian Grand Prix,PIA,34,2,HARD,12,0.3429,92.837,17,3.661,3.353,44.8,21.4,0,0
Australian Grand Prix,PIA,35,2,HARD,13,0.3714,93.636,18,1.656,2.553,30.5,24.0,0,0
Australian Grand Prix,PIA,36,2,HARD,14,0.4,93.746,2,4.674,1.885,31.7,28.4,0,0
Australian Grand Prix,PIA,37,2,HARD,15,0.4286,93.704,8,3.09,4.778,42.9,22.3,0,0
Australian Grand Prix,PIA,38,2,HARD,16,0.4571,93.598,7,4.749,4.153,41.1,27.4,0,0
Australian Grand Prix,PIA,39,2,HARD,17,0.4857,93.688,8,2.589,1.64,37.6,20.3,0,0
Australian Grand Prix,PIA,40,2,HARD,18,0.5143,93.803,19,2.165,3.834,41.8,27.6,0,0
Australian Grand Prix,PIA,41,2,HARD,19,0.5429,94.384,1,1.42,2.021,37.0,23.3,0,0
Australian Grand Prix,PIA,42,2,HARD,20,0.5714,93.886,5,3.313,4.343,42.0,20.4,0,0
Australian Grand Prix,PIA,43,2,HARD,21,0.6,94.451,18,0.959,3.206,43.1,21.2,0,0
Australian Grand Prix,PIA,44,2,HARD,22,0.6286,94.457,4,3.972,2.852,32.4,21.2,0,0
Australian Grand Prix,PIA,45,2,HARD,23,0.6571,94.295,6,2.079,4.687,42.0,24.3,0,0
Australian Grand Prix,PIA,46,2,HARD,24,0.6857,93.966,18,2.875,2.93,36.9,23.3,0,0
Australian Grand Prix,PIA,47,2,HARD,25,0.7143,94.468,16,3.031,2.31,39.7,25.5,0,0
Australian Grand Prix,PIA,48,2,HARD,26,0.7429,94.412,17,4.461,4.824,43.4,27.2,0,0
Australian Grand Prix,PIA,49,2,HARD,27,0.7714,94.277,16,3.205,3.694,44.3,22.4,0,0
Australian Grand Prix,PIA,50,2,HARD,28,0.8,94.756,10,3.995,2.985,39.9,23.2,0,0
Australian Grand Prix,PIA,51,2,HARD,29,0.8286,95.219,18,4.724,2.903,38.9,20.3,0,0
Australian Grand Prix,PIA,52,2,HARD,30,0.8571,94.99,8,2.098,2.332,36.1,25.4,0,0
Australian Grand Prix,PIA,53,2,HARD,31,0.8857,94.69,17,1.334,3.354,42.3,26.4,0,0
Australian Grand Prix,PIA,54,2,HARD,32,0.9143,95.309,15,3.222,3.468,36.0,29.1,0,0
Australian Grand Prix,PIA,55,2,HARD,33,0.9429,94.795,18,4.7,2.001,33.3,25.0,0,0
Australian Grand Prix,PIA,56,2,HARD,34,0.9714,95.27,8,1.719,1.785,34.1,28.6,0,0
Australian Grand Prix,PIA,57,2,HARD,35,1.0,94.84,11,3.298,3.206,38.2,25.9,0,0
Australian Grand Prix,ALO,1,1,SOFT,1,0.0286,88.747,2,2.568,4.963,33.4,23.1,0,0
Australian Grand Prix,ALO,2,1,SOFT,2,0.0571,88.823,1,4.164,4.568,30.2,29.3,0,0
Australian Grand Prix,ALO,3,1,SOFT,3,0.0857,89.115,12,2.92,1.189,37.6,24.1,0,0
Australian Grand Prix,ALO,4,1,SOFT,4,0.1143,89.186,15,2.493,3.197,37.1,29.3,0,0
Australian Grand Prix,ALO,5,1,SOFT,5,0.1429,89.167,19,2.189,1.587,38.3,28.0,0,0
Australian Grand Prix,ALO,6,1,SOFT,6,0.1714,89.043,3,3.341,3.184,34.8,24.5,0,0
Australian Grand Prix,ALO,7,1,SOFT,7,0.2,89.519,12,0.919,3.152,38.0,22.7,0,0
Australian Grand Prix,ALO,8,1,SOFT,8,0.2286,89.238,11,4.673,2.312,43.4,23.8,0,0
Australian Grand Prix,ALO,9,1,SOFT,9,0.2571,89.442,3,3.909,1.506,30.8,28.0,0,0
Australian Grand Prix,ALO,10,1,SOFT,10,0.2857,89.995,8,0.585,0.952,37.4,26.9,0,0
Australian Grand Prix,ALO,11,1,SOFT,11,0.3143,89.958,3,2.811,1.126,33.6,24.5,0,0
Australian Grand Prix,ALO,12,1,SOFT,12,0.3429,89.462,14,1.709,2.905,42.5,24.0,0,0
Australian Grand Prix,ALO,13,1,SOFT,13,0.3714,89.968,15,4.132,3.908,35.4,29.9,0,0
Australian Grand Prix,ALO,14,1,SOFT,14,0.4,89.979,8,1.084,2.542,37.6,26.9,0,0
Australian Grand Prix,ALO,15,1,SOFT,15,0.4286,90.253,19,1.834,1.761,32.2,22.9,0,0
Australian Grand Prix,ALO,16,1,SOFT,16,0.4571,90.169,8,2.848,3.487,35.7,27.2,0,0
Australian Grand Prix,ALO,17,1,SOFT,17,0.4857,89.813,17,0.607,0.859,36.3,29.4,0,0
Australian Grand Prix,ALO,18,1,SOFT,18,0.5143,89.962,16,4.171,4.707,42.6,26.4,0,0
Australian Grand Prix,ALO,19,1,SOFT,19,0.5429,90.112,4,4.078,4.861,37.0,25.7,0,1
Australian Grand Prix,ALO,20,1,SOFT,20,0.5714,90.948,16,4.769,4.56,43.1,28.0,1,0
Australian Grand Prix,ALO,21,2,HARD,1,0.0286,89.637,8,0.788,1.308,41.5,24.9,0,0
Australian Grand Prix,ALO,22,2,HARD,2,0.0571,89.292,17,2.288,1.709,35.2,27.1,0,0
Australian Grand Prix,ALO,23,2,HARD,3,0.0857,90.029,11,4.123,2.164,39.7,27.3,0,0
Australian Grand Prix,ALO,24,2,HARD,4,0.1143,89.916,18,3.273,2.745,44.8,24.6,0,0
Australian Grand Prix,ALO,25,2,HARD,5,0.1429,89.882,6,4.144,3.631,41.5,24.4,0,0
Australian Grand Prix,ALO,26,2,HARD,6,0.1714,90.136,5,1.451,3.347,44.6,23.1,0,0
Australian Grand Prix,ALO,27,2,HARD,7,0.2,90.621,9,3.928,0.762,45.0,27.5,0,0
Australian Grand Prix,ALO,28,2,HARD,8,0.2286,90.095,1,1.961,2.283,36.1,25.6,0,0
Australian Grand Prix,ALO,29,2,HARD,9,0.2571,90.444,9,4.26,1.232,42.8,26.9,0,0
Australian Grand Prix,ALO,30,2,HARD,10,0.2857,90.233,7,4.236,2.387,32.9,22.8,0,0
Australian Grand Prix,ALO,31,2,HARD,11,0.3143,91.265,14,1.604,3.269,36.6,26.3,0,0
Australian Grand Prix,ALO,32,2,HARD,12,0.3429,90.661,10,0.725,4.431,31.1,22.5,0,0
Australian Grand Prix,ALO,33,2,HARD,13,0.3714,90.413,18,0.755,0.633,32.7,29.9,0,0
Australian Grand Prix,ALO,34,2,HARD,14,0.4,91.102,7,2.192,2.907,43.1,29.1,0,0
Australian Grand Prix,ALO,35,2,HARD,15,0.4286,90.697,7,0.817,3.11,40.8,20.9,0,0
Australian Grand Prix,ALO,36,2,HARD,16,0.4571,90.42,7,0.536,0.542,36.9,24.9,0,0
Australian Grand Prix,ALO,37,2,HARD,17,0.4857,91.054,17,1.905,0.557,31.4,23.0,0,0
Australian Grand Prix,ALO,38,2,HARD,18,0.5143,90.564,4,1.395,2.788,32.4,26.7,0,0
Australian Grand Prix,ALO,39,2,HARD,19,0.5429,90.973,16,0.819,3.192,34.0,25.3,0,0
Australian Grand Prix,ALO,40,2,HARD,20,0.5714,91.239,13,0.537,1.459,39.2,23.8,0,0
Australian Grand Prix,ALO,41,2,HARD,21,0.6,91.076,5,4.203,1.35,40.5,22.9,0,0
Australian Grand Prix,ALO,42,2,HARD,22,0.6286,91.349,17,1.684,3.092,40.4,21.6,0,0
Australian Grand Prix,ALO,43,2,HARD,23,0.6571,91.37,6,0.97,1.569,35.7,24.8,0,0
Australian Grand Prix,ALO,44,2,HARD,24,0.6857,91.194,15,3.206,3.032,32.0,21.5,0,0
Australian Grand Prix,ALO,45,2,HARD,25,0.7143,91.634,16,1.35,4.367,33.8,23.8,0,0
Australian Grand Prix,ALO,46,2,HARD,26,0.7429,91.697,17,4.956,0.841,39.9,24.5,0,0
Australian Grand Prix,ALO,47,2,HARD,27,0.7714,91.287,17,4.796,4.666,43.6,25.1,0,0
Australian Grand Prix,ALO,48,2,HARD,28,0.8,91.253,16,2.593,3.605,43.3,22.1,0,0
Australian Grand Prix,ALO,49,2,HARD,29,0.8286,91.746,15,3.519,1.221,30.1,27.5,0,0
Australian Grand Prix,ALO,50,2,HARD,30,0.8571,91.888,15,0.525,1.338,31.5,23.6,0,0
Australian Grand Prix,ALO,51,2,HARD,31,0.8857,91.895,5,1.262,4.244,38.6,25.8,0,0
Australian Grand Prix,ALO,52,2,HARD,32,0.9143,92.126,6,2.425,4.802,33.2,25.2,0,0
Australian Grand Prix,ALO,53,2,HARD,33,0.9429,92.305,12,2.955,4.775,32.7,20.3,0,0
Australian Grand Prix,ALO,54,2,HARD,34,0.9714,92.699,1,1.797,1.221,38.2,25.3,0,0
Australian Grand Prix,ALO,55,2,HARD,35,1.0,92.42,17,1.484,1.593,39.6,22.8,0,0
Australian Grand Prix,ALO,56,2,HARD,36,1.0286,92.33,10,2.708,4.847,42.5,22.8,0,0
Australian Grand Prix,ALO,57,2,HARD,37,1.0571,92.385,12,0.925,4.95,44.2,20.8,0,0
Australian Grand Prix,STR,1,1,SOFT,1,0.0286,89.209,19,3.219,3.518,39.0,20.7,0,0
Australian Grand Prix,STR,2,1,SOFT,2,0.0571,90.07,18,0.698,2.273,36.2,24.5,0,0
Australian Grand Prix,STR,3,1,SOFT,3,0.0857,89.741,12,4.795,1.021,44.2,27.3,0,0
Australian Grand Prix,STR,4,1,SOFT,4,0.1143,90.341,1,0.981,2.771,40.5,25.9,0,0
Australian Grand Prix,STR,5,1,SOFT,5,0.1429,90.403,15,4.274,3.12,33.7,26.6,0,0
Australian Grand Prix,STR,6,1,SOFT,6,0.1714,90.449,1,4.211,2.31,31.5,20.6,0,0
Australian Grand Prix,STR,7,1,SOFT,7,0.2,90.181,12,2.211,2.018,40.8,27.4,0,0
Australian Grand Prix,STR,8,1,SOFT,8,0.2286,90.404,9,0.564,1.19,36.3,20.7,0,0
Australian Grand Prix,STR,9,1,SOFT,9,0.2571,89.963,4,2.1,4.06,37.7,21.3,0,0
Australian Grand Prix,STR,10,1,SOFT,10,0.2857,90.313,13,1.19,4.616,31.0,20.6,0,0
Australian Grand Prix,STR,11,1,SOFT,11,0.3143,90.924,11,2.293,0.586,41.6,21.7,0,0
Australian Grand Prix,STR,12,1,SOFT,12,0.3429,90.665,5,4.225,0.602,33.7,21.5,0,0
Australian Grand Prix,STR,13,1,SOFT,13,0.3714,90.621,8,3.649,1.608,43.6,21.0,0,0
Australian Grand Prix,STR,14,1,SOFT,14,0.4,90.893,7,2.404,1.754,37.1,29.2,0,0
Australian Grand Prix,STR,15,1,SOFT,15,0.4286,90.916,5,2.239,1.986,38.9,28.7,0,0
Australian Grand Prix,STR,16,1,SOFT,16,0.4571,90.921,19,4.296,3.598,34.4,29.1,0,0
Australian Grand Prix,STR,17,1,SOFT,17,0.4857,90.906,10,1.395,4.714,30.3,24.4,0,0
Australian Grand Prix,STR,18,1,SOFT,18,0.5143,91.11,17,3.506,0.921,37.6,21.6,0,0
Australian Grand Prix,STR,19,1,SOFT,19,0.5429,91.089,3,2.888,3.154,33.0,22.9,0,1
Australian Grand Prix,STR,20,1,SOFT,20,0.5714,91.15,10,3.646,4.648,35.6,29.0,1,0
Australian Grand Prix,STR,21,2,HARD,1,0.0286,90.387,7,3.388,4.178,38.4,22.6,0,0
Australian Grand Prix,STR,22,2,HARD,2,0.0571,90.902,13,2.354,3.105,35.9,25.8,0,0
Australian Grand Prix,STR,23,2,HARD,3,0.0857,90.5,6,3.641,2.246,32.4,24.0,0,0
Australian Grand Prix,STR,24,2,HARD,4,0.1143,90.944,7,2.644,1.966,40.8,20.7,0,0
Australian Grand Prix,STR,25,2,HARD,5,0.1429,90.9,14,4.189,2.993,36.8,22.9,0,0
Australian Grand Prix,STR,26,2,HARD,6,0.1714,90.735,17,0.992,3.469,34.8,27.7,0,0
Australian Grand Prix,STR,27,2,HARD,7,0.2,90.656,3,4.551,2.853,31.7,24.0,0,0
Australian Grand Prix,STR,28,2,HARD,8,0.2286,90.964,11,4.602,2.76,44.5,29.4,0,0
Australian Grand Prix,STR,29,2,HARD,9,0.2571,91.047,14,2.086,2.997,32.8,28.6,0,0
Australian Grand Prix,STR,30,2,HARD,10,0.2857,91.064,13,2.655,0.578,41.0,20.7,0,0
Australian Grand Prix,STR,31,2,HARD,11,0.3143,91.168,11,4.069,1.097,37.8,27.8,0,0
Australian Grand Prix,STR,32,2,HARD,12,0.3429,91.256,8,1.42,1.338,31.9,21.4,0,0
Australian Grand Prix,STR,33,2,HARD,13,0.3714,91.387,3,4.289,1.911,42.6,24.3,0,0
Australian Grand Prix,STR,34,2,HARD,14,0.4,91.613,9,1.903,3.37,30.1,20.3,0,0
Australian Grand Prix,STR,35,2,HARD,15,0.4286,92.118,12,2.83,4.243,39.9,23.5,0,0
Australian Grand Prix,STR,36,2,HARD,16,0.4571,92.043,9,4.698,2.053,31.6,24.9,0,0
Australian Grand Prix,STR,37,2,HARD,17,0.4857,92.179,12,3.088,4.934,33.7,20.8,0,0
Australian Grand Prix,STR,38,2,HARD,18,0.5143,91.963,9,0.509,3.766,39.9,27.3,0,0
Australian Grand Prix,STR,39,2,HARD,19,0.5429,91.843,11,1.466,3.353,41.4,29.9,0,0
Australian Grand Prix,STR,40,2,HARD,20,0.5714,92.211,11,1.721,1.333,40.2,25.3,0,0
Australian Grand Prix,STR,41,2,HARD,21,0.6,91.989,18,2.919,4.978,36.0,26.2,0,0
Australian Grand Prix,STR,42,2,HARD,22,0.6286,91.912,13,0.735,0.93,39.9,26.5,0,0
Australian Grand Prix,STR,43,2,HARD,23,0.6571,91.91,8,2.76,0.59,33.8,25.2,0,0
Australian Grand Prix,STR,44,2,HARD,24,0.6857,93.071,1,4.703,1.973,32.0,22.4,0,0
Australian Grand Prix,STR,45,2,HARD,25,0.7143,92.604,9,1.4,1.089,40.1,25.6,0,0
Australian Grand Prix,STR,46,2,HARD,26,0.7429,92.724,10,3.172,0.571,33.9,26.6,0,0
Australian Grand Prix,STR,47,2,HARD,27,0.7714,92.84,18,1.633,3.998,44.4,27.0,0,0
Australian Grand Prix,STR,48,2,HARD,28,0.8,92.475,4,1.736,3.419,40.8,28.6,0,0
Australian Grand Prix,STR,49,2,HARD,29,0.8286,93.373,16,4.975,4.91,43.2,25.7,0,0
Australian Grand Prix,STR,50,2,HARD,30,0.8571,92.458,2,2.342,4.529,32.4,30.0,0,0
Australian Grand Prix,STR,51,2,HARD,31,0.8857,92.641,4,0.567,4.505,33.7,27.3,0,0
Australian Grand Prix,STR,52,2,HARD,32,0.9143,93.119,14,1.823,3.696,31.7,24.1,0,0
Australian Grand Prix,STR,53,2,HARD,33,0.9429,93.188,17,0.881,3.303,30.1,20.4,0,0
Australian Grand Prix,STR,54,2,HARD,34,0.9714,93.209,12,3.083,4.384,37.2,20.8,0,0
Australian Grand Prix,STR,55,2,HARD,35,1.0,93.503,8,2.012,1.195,36.0,23.7,0,0
Japanese Grand Prix,VER,1,1,MEDIUM,1,0.0286,91.051,7,4.599,1.286,34.3,25.2,0,0
Japanese Grand Prix,VER,2,1,MEDIUM,2,0.0571,91.772,19,3.109,1.273,33.9,25.0,0,0
Japanese Grand Prix,VER,3,1,MEDIUM,3,0.0857,91.907,2,3.086,4.2,38.4,29.6,0,0
Japanese Grand Prix,VER,4,1,MEDIUM,4,0.1143,91.53,16,0.747,3.53,43.4,28.0,0,0
Japanese Grand Prix,VER,5,1,MEDIUM,5,0.1429,91.569,12,0.879,4.153,40.8,27.3,0,0
Japanese Grand Prix,VER,6,1,MEDIUM,6,0.1714,91.569,16,4.86,3.08,33.3,28.6,0,0
Japanese Grand Prix,VER,7,1,MEDIUM,7,0.2,91.738,14,1.17,3.013,43.8,23.9,0,0
Japanese Grand Prix,VER,8,1,MEDIUM,8,0.2286,92.338,16,3.109,2.165,30.3,21.3,0,0
Japanese Grand Prix,VER,9,1,MEDIUM,9,0.2571,91.988,2,1.688,4.765,35.5,29.1,0,0
Japanese Grand Prix,VER,10,1,MEDIUM,10,0.2857,92.52,16,1.75,4.415,39.1,26.1,0,0
Japanese Grand Prix,VER,11,1,MEDIUM,11,0.3143,91.971,2,4.998,4.259,43.4,28.2,0,0
Japanese Grand Prix,VER,12,1,MEDIUM,12,0.3429,92.291,1,4.917,4.542,44.3,23.9,0,0
Japanese Grand Prix,VER,13,1,MEDIUM,13,0.3714,92.486,16,4.435,3.871,44.1,20.5,0,0
Japanese Grand Prix,VER,14,1,MEDIUM,14,0.4,92.751,13,1.802,1.641,35.0,22.7,0,1
Japanese Grand Prix,VER,15,1,MEDIUM,15,0.4286,91.801,15,4.676,2.886,35.3,28.0,1,0
Japanese Grand Prix,VER,16,2,HARD,1,0.0286,91.93,11,3.838,3.905,40.0,22.3,0,0
Japanese Grand Prix,VER,17,2,HARD,2,0.0571,92.255,6,4.359,0.501,35.4,27.4,0,0
Japanese Grand Prix,VER,18,2,HARD,3,0.0857,92.429,18,0.993,3.873,32.0,20.7,0,0
Japanese Grand Prix,VER,19,2,HARD,4,0.1143,92.011,2,2.684,4.236,44.3,26.3,0,0
Japanese Grand Prix,VER,20,2,HARD,5,0.1429,91.941,4,3.108,3.493,36.6,29.5,0,0
Japanese Grand Prix,VER,21,2,HARD,6,0.1714,91.86,15,1.82,0.65,42.2,24.5,0,0
Japanese Grand Prix,VER,22,2,HARD,7,0.2,92.402,17,2.62,4.184,31.9,28.6,0,0
Japanese Grand Prix,VER,23,2,HARD,8,0.2286,92.019,4,1.31,4.615,41.3,29.3,0,0
Japanese Grand Prix,VER,24,2,HARD,9,0.2571,92.312,14,0.644,3.397,41.4,27.6,0,0
Japanese Grand Prix,VER,25,2,HARD,10,0.2857,92.597,8,2.705,0.645,39.4,24.2,0,0
Japanese Grand Prix,VER,26,2,HARD,11,0.3143,92.735,6,2.432,4.847,39.1,27.5,0,0
Japanese Grand Prix,VER,27,2,HARD,12,0.3429,92.708,2,0.654,3.661,34.2,25.8,0,0
Japanese Grand Prix,VER,28,2,HARD,13,0.3714,92.919,17,4.89,3.273,44.0,29.6,0,0
Japanese Grand Prix,VER,29,2,HARD,14,0.4,92.67,13,0.949,4.649,32.1,22.2,0,0
Japanese Grand Prix,VER,30,2,HARD,15,0.4286,92.66,8,2.612,1.025,35.5,20.3,0,0
Japanese Grand Prix,VER,31,2,HARD,16,0.4571,93.193,13,2.571,4.567,36.1,25.2,0,0
Japanese Grand Prix,VER,32,2,HARD,17,0.4857,93.146,2,2.035,1.345,42.3,29.1,0,0
Japanese Grand Prix,VER,33,2,HARD,18,0.5143,93.588,18,1.535,1.167,39.8,26.8,0,0
Japanese Grand Prix,VER,34,2,HARD,19,0.5429,93.304,13,3.843,4.549,42.3,29.9,0,0
Japanese Grand Prix,VER,35,2,HARD,20,0.5714,93.104,7,1.412,2.49,30.9,29.8,0,0
Japanese Grand Prix,VER,36,2,HARD,21,0.6,93.301,10,0.595,2.066,40.8,27.7,0,0
Japanese Grand Prix,VER,37,2,HARD,22,0.6286,93.405,17,2.375,3.908,33.4,22.2,0,0
Japanese Grand Prix,VER,38,2,HARD,23,0.6571,93.542,12,4.312,4.226,35.7,25.9,0,0
Japanese Grand Prix,VER,39,2,HARD,24,0.6857,93.398,17,2.895,3.231,37.3,24.1,0,0
Japanese Grand Prix,VER,40,2,HARD,25,0.7143,93.915,15,1.675,2.804,34.8,21.7,0,1
Japanese Grand Prix,VER,41,2,HARD,26,0.7429,93.775,14,1.637,3.51,41.2,29.2,1,0
Japanese Grand Prix,VER,42,3,MEDIUM,1,0.0286,91.866,8,0.547,4.957,40.2,26.4,0,0
Japanese Grand Prix,VER,43,3,MEDIUM,2,0.0571,91.524,6,3.407,2.457,33.0,21.1,0,0
Japanese Grand Prix,VER,44,3,MEDIUM,3,0.0857,91.5,4,1.055,2.689,39.4,28.3,0,0
Japanese Grand Prix,VER,45,3,MEDIUM,4,0.1143,91.519,7,0.643,2.612,43.9,24.0,0,0
Japanese Grand Prix,VER,46,3,MEDIUM,5,0.1429,91.761,14,4.523,4.497,42.8,28.5,0,0
Japanese Grand Prix,VER,47,3,MEDIUM,6,0.1714,91.464,6,2.726,2.705,38.1,22.6,0,0
Japanese Grand Prix,VER,48,3,MEDIUM,7,0.2,91.853,16,2.454,1.09,36.8,28.1,0,0
Japanese Grand Prix,VER,49,3,MEDIUM,8,0.2286,91.873,17,2.383,2.051,37.5,24.6,0,0
Japanese Grand Prix,VER,50,3,MEDIUM,9,0.2571,92.334,2,0.595,1.524,37.1,24.2,0,0
Japanese Grand Prix,VER,51,3,MEDIUM,10,0.2857,92.146,7,2.423,3.32,40.9,26.8,0,0
Japanese Grand Prix,VER,52,3,MEDIUM,11,0.3143,92.475,7,2.924,1.627,43.4,23.3,0,0
Japanese Grand Prix,VER,53,3,MEDIUM,12,0.3429,92.264,13,3.337,1.856,30.3,28.9,0,0
Japanese Grand Prix,VER,54,3,MEDIUM,13,0.3714,92.293,16,2.574,3.846,44.8,26.7,0,0
Japanese Grand Prix,VER,55,3,MEDIUM,14,0.4,92.639,11,1.274,1.874,34.8,21.6,0,0
Japanese Grand Prix,VER,56,3,MEDIUM,15,0.4286,92.272,9,3.753,3.401,40.9,24.8,0,0
Japanese Grand Prix,VER,57,3,MEDIUM,16,0.4571,92.891,15,1.034,3.067,43.6,27.8,0,0
Japanese Grand Prix,HAM,1,1,SOFT,1,0.0286,90.906,15,3.555,3.763,44.5,22.6,0,0
Japanese Grand Prix,HAM,2,1,SOFT,2,0.0571,90.99,9,3.525,3.233,36.2,23.8,0,0
Japanese Grand Prix,HAM,3,1,SOFT,3,0.0857,90.971,5,3.151,3.415,36.8,29.7,0,0
Japanese Grand Prix,HAM,4,1,SOFT,4,0.1143,91.082,1,0.576,2.142,34.1,25.1,0,0
Japanese Grand Prix,HAM,5,1,SOFT,5,0.1429,91.059,11,1.932,1.7,44.5,21.6,0,0
Japanese Grand Prix,HAM,6,1,SOFT,6,0.1714,91.467,2,1.56,4.525,32.8,22.1,0,0
Japanese Grand Prix,HAM,7,1,SOFT,7,0.2,91.345,17,3.567,3.56,40.0,29.4,0,0
Japanese Grand Prix,HAM,8,1,SOFT,8,0.2286,90.863,12,2.531,2.229,36.5,29.8,0,0
Japanese Grand Prix,HAM,9,1,SOFT,9,0.2571,91.372,5,2.735,0.685,38.8,20.5,0,0
Japanese Grand Prix,HAM,10,1,SOFT,10,0.2857,91.94,16,2.343,2.186,43.9,28.3,0,0
Japanese Grand Prix,HAM,11,1,SOFT,11,0.3143,91.811,13,4.961,3.709,32.5,29.6,0,0
Japanese Grand Prix,HAM,12,1,SOFT,12,0.3429,91.668,6,4.474,3.097,35.3,28.2,0,0
Japanese Grand Prix,HAM,13,1,SOFT,13,0.3714,91.905,4,2.949,1.195,33.8,27.4,0,0
Japanese Grand Prix,HAM,14,1,SOFT,14,0.4,91.786,6,0.849,3.711,30.1,20.5,0,0
Japanese Grand Prix,HAM,15,1,SOFT,15,0.4286,92.237,13,1.893,4.894,34.2,29.5,0,0
Japanese Grand Prix,HAM,16,1,SOFT,16,0.4571,92.127,11,2.422,2.996,31.2,27.9,0,0
Japanese Grand Prix,HAM,17,1,SOFT,17,0.4857,92.128,13,2.988,1.64,44.3,20.3,0,0
Japanese Grand Prix,HAM,18,1,SOFT,18,0.5143,92.104,1,1.547,2.711,43.1,27.1,0,0
Japanese Grand Prix,HAM,19,1,SOFT,19,0.5429,92.158,13,0.901,3.623,32.5,27.9,0,0
Japanese Grand Prix,HAM,20,1,SOFT,20,0.5714,92.295,6,3.828,4.858,36.8,28.3,0,1
Japanese Grand Prix,HAM,21,1,SOFT,21,0.6,92.122,17,2.456,2.696,43.9,25.2,1,0
Japanese Grand Prix,HAM,22,2,HARD,1,0.0286,92.372,14,4.195,2.46,31.1,27.9,0,0
Japanese Grand Prix,HAM,23,2,HARD,2,0.0571,91.675,8,0.952,3.352,43.2,28.9,0,0
Japanese Grand Prix,HAM,24,2,HARD,3,0.0857,91.744,6,4.136,1.06,44.6,25.5,0,0
Japanese Grand Prix,HAM,25,2,HARD,4,0.1143,92.222,15,1.09,3.162,39.5,20.5,0,0
Japanese Grand Prix,HAM,26,2,HARD,5,0.1429,92.208,2,4.049,3.686,33.8,28.6,0,0
Japanese Grand Prix,HAM,27,2,HARD,6,0.1714,91.939,15,1.374,1.087,44.6,28.7,0,0
Japanese Grand Prix,HAM,28,2,HARD,7,0.2,92.706,8,4.77,4.314,35.0,24.0,0,0
Japanese Grand Prix,HAM,29,2,HARD,8,0.2286,92.411,8,2.762,2.713,32.6,22.8,0,0
Japanese Grand Prix,HAM,30,2,HARD,9,0.2571,92.242,2,2.279,4.18,38.5,20.4,0,0
Japanese Grand Prix,HAM,31,2,HARD,10,0.2857,92.31,8,1.193,4.072,41.8,22.4,0,0
Japanese Grand Prix,HAM,32,2,HARD,11,0.3143,92.577,4,2.992,2.223,32.4,26.4,0,0
Japanese Grand Prix,HAM,33,2,HARD,12,0.3429,92.545,6,1.343,2.517,39.0,23.3,0,0
Japanese Grand Prix,HAM,34,2,HARD,13,0.3714,92.798,11,4.311,2.194,34.4,28.9,0,0
Japanese Grand Prix,HAM,35,2,HARD,14,0.4,92.854,16,3.388,2.624,43.6,23.6,0,0
Japanese Grand Prix,HAM,36,2,HARD,15,0.4286,92.823,11,1.149,4.202,44.0,26.2,0,0
Japanese Grand Prix,HAM,37,2,HARD,16,0.4571,92.439,6,4.878,1.7,40.7,23.9,0,0
Japanese Grand Prix,HAM,38,2,HARD,17,0.4857,92.913,18,3.201,1.778,43.2,23.3,0,0
Japanese Grand Prix,HAM,39,2,HARD,18,0.5143,93.564,10,2.566,1.633,35.6,20.2,0,0
Japanese Grand Prix,HAM,40,2,HARD,19,0.5429,93.321,14,0.592,0.576,37.8,27.0,0,0
Japanese Grand Prix,HAM,41,2,HARD,20,0.5714,94.071,15,1.306,0.965,30.8,24.4,0,0
Japanese Grand Prix,HAM,42,2,HARD,21,0.6,93.569,19,1.438,2.578,43.7,23.3,0,0
Japanese Grand Prix,HAM,43,2,HARD,22,0.6286,93.478,19,2.693,2.099,33.8,26.9,0,0
Japanese Grand Prix,HAM,44,2,HARD,23,0.6571,93.274,17,4.319,0.545,44.1,26.3,0,0
Japanese Grand Prix,HAM,45,2,HARD,24,0.6857,93.74,18,1.609,0.541,33.5,21.4,0,0
Japanese Grand Prix,HAM,46,2,HARD,25,0.7143,93.341,2,3.156,1.841,30.5,20.4,0,0
Japanese Grand Prix,HAM,47,2,HARD,26,0.7429,93.796,19,0.797,2.893,30.9,27.7,0,0
Japanese Grand Prix,HAM,48,2,HARD,27,0.7714,93.936,16,0.802,1.639,42.1,21.7,0,0
Japanese Grand Prix,HAM,49,2,HARD,28,0.8,93.95,13,2.491,3.411,37.4,26.2,0,0
Japanese Grand Prix,HAM,50,2,HARD,29,0.8286,94.358,8,3.196,4.965,31.3,21.3,0,0
Japanese Grand Prix,HAM,51,2,HARD,30,0.8571,94.098,18,4.391,2.505,40.7,28.7,0,0
Japanese Grand Prix,HAM,52,2,HARD,31,0.8857,94.124,8,4.789,0.744,39.0,24.3,0,0
Japanese Grand Prix,HAM,53,2,HARD,32,0.9143,94.044,17,0.514,4.818,38.9,28.2,0,0
Japanese Grand Prix,HAM,54,2,HARD,33,0.9429,94.131,3,3.465,3.304,37.4,22.1,0,0
Japanese Grand Prix,HAM,55,2,HARD,34,0.9714,94.114,14,2.309,3.091,38.8,27.5,0,0
Japanese Grand Prix,LEC,1,1,SOFT,1,0.0286,89.516,15,2.263,1.895,33.8,23.4,0,0
Japanese Grand Prix,LEC,2,1,SOFT,2,0.0571,89.514,6,1.364,1.512,34.1,24.5,0,0
Japanese Grand Prix,LEC,3,1,SOFT,3,0.0857,89.711,6,4.207,2.344,44.9,24.7,0,0
Japanese Grand Prix,LEC,4,1,SOFT,4,0.1143,89.659,17,3.55,2.647,32.4,23.2,0,0
Japanese Grand Prix,LEC,5,1,SOFT,5,0.1429,89.744,6,3.034,3.172,39.6,25.0,0,0
Japanese Grand Prix,LEC,6,1,SOFT,6,0.1714,89.643,13,3.651,2.965,39.1,20.9,0,0
Japanese Grand Prix,LEC,7,1,SOFT,7,0.2,89.452,18,4.77,2.01,34.9,29.2,0,0
Japanese Grand Prix,LEC,8,1,SOFT,8,0.2286,89.849,11,3.419,4.42,41.2,28.7,0,0
Japanese Grand Prix,LEC,9,1,SOFT,9,0.2571,90.366,9,2.067,2.253,37.7,29.3,0,0
Japanese Grand Prix,LEC,10,1,SOFT,10,0.2857,90.098,4,4.601,4.699,37.5,20.1,0,0
Japanese Grand Prix,LEC,11,1,SOFT,11,0.3143,90.163,15,2.286,1.865,40.7,20.6,0,0
Japanese Grand Prix,LEC,12,1,SOFT,12,0.3429,89.963,12,2.861,2.998,41.1,22.2,0,0
Japanese Grand Prix,LEC,13,1,SOFT,13,0.3714,89.925,9,4.694,3.728,41.5,21.7,0,0
Japanese Grand Prix,LEC,14,1,SOFT,14,0.4,90.016,18,4.524,2.638,44.2,22.1,0,0
Japanese Grand Prix,LEC,15,1,SOFT,15,0.4286,90.55,10,4.3,3.061,35.7,29.3,0,0
Japanese Grand Prix,LEC,16,1,SOFT,16,0.4571,90.565,15,2.925,2.508,38.5,24.7,0,0
Japanese Grand Prix,LEC,17,1,SOFT,17,0.4857,91.129,9,3.432,1.666,31.0,24.1,0,0
Japanese Grand Prix,LEC,18,1,SOFT,18,0.5143,90.348,7,4.59,1.468,33.1,21.8,0,1
Japanese Grand Prix,LEC,19,1,SOFT,19,0.5429,90.831,7,4.778,3.19,30.2,23.5,1,0
Japanese Grand Prix,LEC,20,2,HARD,1,0.0286,90.355,8,3.792,2.478,34.5,24.6,0,0
Japanese Grand Prix,LEC,21,2,HARD,2,0.0571,90.403,10,1.077,1.511,42.2,28.8,0,0
Japanese Grand Prix,LEC,22,2,HARD,3,0.0857,90.047,12,0.646,3.851,32.0,21.3,0,0
Japanese Grand Prix,LEC,23,2,HARD,4,0.1143,90.315,5,4.247,1.968,40.9,20.9,0,0
Japanese Grand Prix,LEC,24,2,HARD,5,0.1429,90.415,18,2.998,1.792,44.1,27.6,0,0
Japanese Grand Prix,LEC,25,2,HARD,6,0.1714,90.298,15,2.146,4.773,34.9,20.9,0,0
Japanese Grand Prix,LEC,26,2,HARD,7,0.2,90.443,10,1.705,4.331,32.5,27.3,0,0
Japanese Grand Prix,LEC,27,2,HARD,8,0.2286,90.776,7,2.139,4.336,41.3,26.1,0,0
Japanese Grand Prix,LEC,28,2,HARD,9,0.2571,90.764,19,2.669,4.024,32.2,24.9,0,0
Japanese Grand Prix,LEC,29,2,HARD,10,0.2857,91.232,1,1.53,2.87,36.8,25.8,0,0
Japanese Grand Prix,LEC,30,2,HARD,11,0.3143,90.545,12,4.243,1.286,37.7,22.6,0,0
Japanese Grand Prix,LEC,31,2,HARD,12,0.3429,90.765,16,1.193,3.409,32.7,27.5,0,0
Japanese Grand Prix,LEC,32,2,HARD,13,0.3714,91.371,17,1.337,4.705,44.7,27.4,0,0
Japanese Grand Prix,LEC,33,2,HARD,14,0.4,90.947,17,3.144,2.091,37.2,26.0,0,0
Japanese Grand Prix,LEC,34,2,HARD,15,0.4286,91.02,16,3.642,2.452,33.0,22.1,0,0
Japanese Grand Prix,LEC,35,2,HARD,16,0.4571,91.514,10,2.722,1.905,37.2,23.2,0,0
Japanese Grand Prix,LEC,36,2,HARD,17,0.4857,91.564,11,3.751,0.883,33.3,20.1,0,0
Japanese Grand Prix,LEC,37,2,HARD,18,0.5143,91.247,9,2.025,4.187,32.0,21.7,0,0
Japanese Grand Prix,LEC,38,2,HARD,19,0.5429,91.881,1,3.522,1.636,30.3,27.0,0,0
Japanese Grand Prix,LEC,39,2,HARD,20,0.5714,91.367,16,4.762,3.178,39.9,20.6,0,0
Japanese Grand Prix,LEC,40,2,HARD,21,0.6,92.161,19,2.176,3.994,38.9,26.4,0,0
Japanese Grand Prix,LEC,41,2,HARD,22,0.6286,91.68,5,3.675,3.098,43.3,27.0,0,0
Japanese Grand Prix,LEC,42,2,HARD,23,0.6571,91.959,8,3.749,3.499,32.0,24.1,0,0
Japanese Grand Prix,LEC,43,2,HARD,24,0.6857,91.984,9,4.661,4.333,37.9,22.3,0,0
Japanese Grand Prix,LEC,44,2,HARD,25,0.7143,92.579,15,2.135,1.649,37.6,29.7,0,0
Japanese Grand Prix,LEC,45,2,HARD,26,0.7429,92.355,15,2.639,4.346,37.1,28.7,0,0
Japanese Grand Prix,LEC,46,2,HARD,27,0.7714,92.244,19,2.975,0.937,32.0,26.8,0,0
Japanese Grand Prix,LEC,47,2,HARD,28,0.8,92.264,14,3.316,4.071,34.2,25.6,0,0
Japanese Grand Prix,LEC,48,2,HARD,29,0.8286,92.822,17,3.936,2.799,38.4,24.1,0,0
Japanese Grand Prix,LEC,49,2,HARD,30,0.8571,92.186,17,2.446,4.175,32.9,22.1,0,0
Japanese Grand Prix,LEC,50,2,HARD,31,0.8857,92.493,14,4.307,2.625,40.9,30.0,0,0
Japanese Grand Prix,LEC,51,2,HARD,32,0.9143,92.381,13,2.947,0.951,44.0,23.7,0,0
Japanese Grand Prix,LEC,52,2,HARD,33,0.9429,92.886,3,2.243,3.201,37.7,26.9,0,0
Japanese Grand Prix,LEC,53,2,HARD,34,0.9714,92.735,2,3.792,1.656,32.6,26.9,0,0
Japanese Grand Prix,NOR,1,1,SOFT,1,0.0286,88.295,18,1.075,1.906,37.7,25.9,0,0
Japanese Grand Prix,NOR,2,1,SOFT,2,0.0571,88.578,6,1.85,1.222,39.7,29.3,0,0
Japanese Grand Prix,NOR,3,1,SOFT,3,0.0857,88.789,11,1.31,2.451,42.1,22.9,0,0
Japanese Grand Prix,NOR,4,1,SOFT,4,0.1143,88.755,12,0.979,2.728,39.1,22.7,0,0
Japanese Grand Prix,NOR,5,1,SOFT,5,0.1429,88.316,16,4.869,3.553,30.2,24.8,0,0
Japanese Grand Prix,NOR,6,1,SOFT,6,0.1714,88.517,10,4.123,1.535,33.8,20.3,0,0
Japanese Grand Prix,NOR,7,1,SOFT,7,0.2,88.775,3,1.44,3.988,36.5,21.9,0,0
Japanese Grand Prix,NOR,8,1,SOFT,8,0.2286,89.284,11,4.847,4.603,44.2,28.3,0,0
Japanese Grand Prix,NOR,9,1,SOFT,9,0.2571,89.271,3,4.576,4.918,35.3,22.6,0,0
Japanese Grand Prix,NOR,10,1,SOFT,10,0.2857,88.73,11,4.756,4.666,32.4,24.1,0,0
Japanese Grand Prix,NOR,11,1,SOFT,11,0.3143,89.195,2,4.338,1.918,37.9,24.9,0,0
Japanese Grand Prix,NOR,12,1,SOFT,12,0.3429,89.423,18,3.096,3.459,32.9,23.9,0,0
Japanese Grand Prix,NOR,13,1,SOFT,13,0.3714,89.231,11,1.61,3.508,41.1,24.5,0,0
Japanese Grand Prix,NOR,14,1,SOFT,14,0.4,89.402,14,3.062,3.617,38.9,28.8,0,0
Japanese Grand Prix,NOR,15,1,SOFT,15,0.4286,89.496,8,4.577,1.088,38.6,22.5,0,0
Japanese Grand Prix,NOR,16,1,SOFT,16,0.4571,89.314,9,4.261,3.898,41.3,25.2,0,0
Japanese Grand Prix,NOR,17,1,SOFT,17,0.4857,89.759,7,3.038,2.899,32.1,25.9,0,1
Japanese Grand Prix,NOR,18,1,SOFT,18,0.5143,89.623,15,1.133,4.414,40.1,29.9,1,0
Japanese Grand Prix,NOR,19,2,HARD,1,0.0286,89.111,11,2.807,3.541,44.4,22.5,0,0
Japanese Grand Prix,NOR,20,2,HARD,2,0.0571,89.352,10,0.64,4.529,30.8,26.7,0,0
Japanese Grand Prix,NOR,21,2,HARD,3,0.0857,89.355,17,2.68,2.571,38.5,21.5,0,0
Japanese Grand Prix,NOR,22,2,HARD,4,0.1143,89.703,19,2.702,1.359,30.2,24.2,0,0
Japanese Grand Prix,NOR,23,2,HARD,5,0.1429,89.435,12,4.094,4.753,39.1,22.5,0,0
Japanese Grand Prix,NOR,24,2,HARD,6,0.1714,89.981,9,2.158,3.709,30.6,23.9,0,0
Japanese Grand Prix,NOR,25,2,HARD,7,0.2,89.791,15,1.258,3.954,41.2,25.4,0,0
Japanese Grand Prix,NOR,26,2,HARD,8,0.2286,89.415,1,4.717,1.252,40.8,27.5,0,0
Japanese Grand Prix,NOR,27,2,HARD,9,0.2571,90.331,17,1.724,3.743,30.7,26.5,0,0
Japanese Grand Prix,NOR,28,2,HARD,10,0.2857,89.613,17,1.705,4.602,35.5,20.5,0,0
Japanese Grand Prix,NOR,29,2,HARD,11,0.3143,89.763,14,4.078,0.56,38.2,27.4,0,0
Japanese Grand Prix,NOR,30,2,HARD,12,0.3429,89.975,9,2.214,2.48,37.1,27.7,0,0
Japanese Grand Prix,NOR,31,2,HARD,13,0.3714,89.809,19,2.527,3.41,44.3,27.9,0,0
Japanese Grand Prix,NOR,32,2,HARD,14,0.4,90.16,3,2.915,4.811,38.8,20.1,0,0
Japanese Grand Prix,NOR,33,2,HARD,15,0.4286,90.197,19,4.952,1.726,43.1,27.7,0,0
Japanese Grand Prix,NOR,34,2,HARD,16,0.4571,90.681,15,2.344,3.353,30.4,29.0,0,0
Japanese Grand Prix,NOR,35,2,HARD,17,0.4857,90.227,16,3.387,1.443,30.5,24.3,0,0
Japanese Grand Prix,NOR,36,2,HARD,18,0.5143,90.759,12,2.315,4.71,44.2,21.1,0,0
Japanese Grand Prix,NOR,37,2,HARD,19,0.5429,90.632,15,2.157,3.408,30.5,28.9,0,0
Japanese Grand Prix,NOR,38,2,HARD,20,0.5714,91.004,12,2.516,4.331,41.6,22.9,0,0
Japanese Grand Prix,NOR,39,2,HARD,21,0.6,91.079,3,4.77,4.731,35.7,24.5,0,0
Japanese Grand Prix,NOR,40,2,HARD,22,0.6286,91.026,10,4.037,1.047,31.7,22.0,0,0
Japanese Grand Prix,NOR,41,2,HARD,23,0.6571,90.599,14,0.591,3.518,37.0,23.5,0,0
Japanese Grand Prix,NOR,42,2,HARD,24,0.6857,91.0,12,2.451,1.578,39.3,21.8,0,0
Japanese Grand Prix,NOR,43,2,HARD,25,0.7143,90.996,15,1.308,3.482,40.1,22.5,0,0
Japanese Grand Prix,NOR,44,2,HARD,26,0.7429,91.379,10,1.981,2.903,30.9,22.1,0,0
Japanese Grand Prix,NOR,45,2,HARD,27,0.7714,91.102,16,3.317,2.376,39.3,22.1,0,0
Japanese Grand Prix,NOR,46,2,HARD,28,0.8,91.489,10,2.995,3.201,44.7,26.4,0,0
Japanese Grand Prix,NOR,47,2,HARD,29,0.8286,90.903,15,1.964,1.397,39.5,25.7,0,0
Japanese Grand Prix,NOR,48,2,HARD,30,0.8571,91.079,19,0.908,3.503,34.3,26.4,0,0
Japanese Grand Prix,NOR,49,2,HARD,31,0.8857,91.284,12,2.082,0.783,39.3,21.9,0,0
Japanese Grand Prix,NOR,50,2,HARD,32,0.9143,92.026,5,2.696,4.735,33.4,23.9,0,0
Japanese Grand Prix,NOR,51,2,HARD,33,0.9429,91.82,1,3.899,4.557,43.7,27.8,0,0
Japanese Grand Prix,NOR,52,2,HARD,34,0.9714,91.532,18,3.475,0.698,42.5,22.5,0,0
Japanese Grand Prix,SAI,1,1,MEDIUM,1,0.0286,92.125,3,0.795,2.306,41.5,29.2,0,0
Japanese Grand Prix,SAI,2,1,MEDIUM,2,0.0571,91.886,13,4.289,0.547,39.5,23.9,0,0
Japanese Grand Prix,SAI,3,1,MEDIUM,3,0.0857,91.914,17,3.459,4.256,38.4,20.3,0,0
Japanese Grand Prix,SAI,4,1,MEDIUM,4,0.1143,91.929,18,3.519,0.587,37.5,25.9,0,0
Japanese Grand Prix,SAI,5,1,MEDIUM,5,0.1429,91.99,19,3.508,1.527,34.8,29.6,0,0
Japanese Grand Prix,SAI,6,1,MEDIUM,6,0.1714,92.282,6,2.992,3.73,43.5,29.0,0,0
Japanese Grand Prix,SAI,7,1,MEDIUM,7,0.2,92.365,7,4.553,3.066,35.5,28.3,0,0
Japanese Grand Prix,SAI,8,1,MEDIUM,8,0.2286,92.66,8,1.862,3.255,36.6,27.3,0,0
Japanese Grand Prix,SAI,9,1,MEDIUM,9,0.2571,92.824,12,3.534,1.42,44.0,22.6,0,0
Japanese Grand Prix,SAI,10,1,MEDIUM,10,0.2857,92.683,13,2.463,0.699,33.7,27.7,0,0
Japanese Grand Prix,SAI,11,1,MEDIUM,11,0.3143,93.047,18,1.681,1.604,44.5,20.1,0,0
Japanese Grand Prix,SAI,12,1,MEDIUM,12,0.3429,93.032,7,3.268,0.713,39.2,22.3,0,0
Japanese Grand Prix,SAI,13,1,MEDIUM,13,0.3714,93.238,2,2.992,3.788,30.6,20.1,0,0
Japanese Grand Prix,SAI,14,1,MEDIUM,14,0.4,92.975,9,2.346,2.064,31.7,20.4,0,0
Japanese Grand Prix,SAI,15,1,MEDIUM,15,0.4286,93.296,8,1.022,0.604,30.8,29.5,0,0
Japanese Grand Prix,SAI,16,1,MEDIUM,16,0.4571,93.517,8,2.79,2.592,44.3,29.4,0,0
Japanese Grand Prix,SAI,17,1,MEDIUM,17,0.4857,93.3,18,3.79,3.49,32.0,26.4,0,0
Japanese Grand Prix,SAI,18,1,MEDIUM,18,0.5143,93.694,5,0.586,3.681,39.5,21.5,0,1
Japanese Grand Prix,SAI,19,1,MEDIUM,19,0.5429,93.743,17,4.266,0.624,42.5,21.4,1,0
Japanese Grand Prix,SAI,20,2,HARD,1,0.0286,92.69,17,2.763,2.584,32.4,25.9,0,0
Japanese Grand Prix,SAI,21,2,HARD,2,0.0571,92.827,16,2.293,1.264,35.7,28.7,0,0
Japanese Grand Prix,SAI,22,2,HARD,3,0.0857,92.882,3,2.471,4.291,38.9,27.2,0,0
Japanese Grand Prix,SAI,23,2,HARD,4,0.1143,92.812,10,0.52,1.732,39.0,28.0,0,0
Japanese Grand Prix,SAI,24,2,HARD,5,0.1429,92.961,10,2.43,3.913,35.6,22.4,0,0
Japanese Grand Prix,SAI,25,2,HARD,6,0.1714,93.065,15,0.894,3.011,33.8,21.4,0,0
Japanese Grand Prix,SAI,26,2,HARD,7,0.2,93.185,10,4.092,2.449,43.8,24.5,0,0
Japanese Grand Prix,SAI,27,2,HARD,8,0.2286,92.813,14,4.473,3.686,43.0,23.8,0,0
Japanese Grand Prix,SAI,28,2,HARD,9,0.2571,93.004,19,3.761,2.074,34.7,26.0,0,0
Japanese Grand Prix,SAI,29,2,HARD,10,0.2857,92.947,2,0.549,1.264,39.8,26.1,0,0
Japanese Grand Prix,SAI,30,2,HARD,11,0.3143,93.236,15,3.799,1.711,36.7,28.8,0,0
Japanese Grand Prix,SAI,31,2,HARD,12,0.3429,93.688,7,2.537,4.465,36.3,28.4,0,0
Japanese Grand Prix,SAI,32,2,HARD,13,0.3714,93.248,9,2.777,2.294,31.8,24.2,0,0
Japanese Grand Prix,SAI,33,2,HARD,14,0.4,93.741,14,0.944,2.372,34.6,29.3,0,0
Japanese Grand Prix,SAI,34,2,HARD,15,0.4286,94.064,3,3.668,1.671,44.1,25.3,0,0
Japanese Grand Prix,SAI,35,2,HARD,16,0.4571,93.645,2,0.858,3.175,38.8,26.8,0,0
Japanese Grand Prix,SAI,36,2,HARD,17,0.4857,93.681,9,4.907,2.59,42.3,25.1,0,0
Japanese Grand Prix,SAI,37,2,HARD,18,0.5143,93.442,15,2.418,1.995,43.5,21.0,0,0
Japanese Grand Prix,SAI,38,2,HARD,19,0.5429,93.959,7,2.498,2.679,42.5,29.0,0,0
Japanese Grand Prix,SAI,39,2,HARD,20,0.5714,93.958,3,2.27,4.219,34.0,22.8,0,0
Japanese Grand Prix,SAI,40,2,HARD,21,0.6,93.547,14,0.953,2.407,34.6,29.1,0,0
Japanese Grand Prix,SAI,41,2,HARD,22,0.6286,94.501,1,1.57,0.865,39.4,23.4,0,0
Japanese Grand Prix,SAI,42,2,HARD,23,0.6571,94.342,13,3.589,1.456,42.9,20.6,0,0
Japanese Grand Prix,SAI,43,2,HARD,24,0.6857,94.457,3,1.195,4.203,38.1,22.2,0,0
Japanese Grand Prix,SAI,44,2,HARD,25,0.7143,94.567,6,3.088,1.018,36.3,22.6,0,0
Japanese Grand Prix,SAI,45,2,HARD,26,0.7429,94.6,11,2.94,4.501,40.1,22.5,0,0
Japanese Grand Prix,SAI,46,2,HARD,27,0.7714,94.849,18,4.095,1.115,35.2,29.7,0,0
Japanese Grand Prix,SAI,47,2,HARD,28,0.8,94.794,19,2.294,1.718,45.0,23.1,0,0
Japanese Grand Prix,SAI,48,2,HARD,29,0.8286,94.933,4,4.459,2.099,31.6,29.5,0,0
Japanese Grand Prix,SAI,49,2,HARD,30,0.8571,95.113,9,2.763,3.295,30.1,29.3,0,0
Japanese Grand Prix,SAI,50,2,HARD,31,0.8857,94.7,14,3.325,2.19,32.1,27.1,0,0
Japanese Grand Prix,PER,1,1,SOFT,1,0.0286,89.695,2,3.706,2.156,35.1,22.5,0,0
Japanese Grand Prix,PER,2,1,SOFT,2,0.0571,90.311,17,4.871,0.877,43.5,21.3,0,0
Japanese Grand Prix,PER,3,1,SOFT,3,0.0857,90.289,19,4.331,4.578,37.6,25.9,0,0
Japanese Grand Prix,PER,4,1,SOFT,4,0.1143,90.558,4,0.959,0.829,36.9,23.0,0,0
Japanese Grand Prix,PER,5,1,SOFT,5,0.1429,90.559,16,0.694,1.048,43.0,25.7,0,0
Japanese Grand Prix,PER,6,1,SOFT,6,0.1714,90.707,14,3.925,2.861,33.3,23.4,0,0
Japanese Grand Prix,PER,7,1,SOFT,7,0.2,90.712,8,1.926,2.01,35.1,21.2,0,0
Japanese Grand Prix,PER,8,1,SOFT,8,0.2286,90.591,1,2.73,0.951,41.3,22.8,0,0
Japanese Grand Prix,PER,9,1,SOFT,9,0.2571,90.554,7,3.759,2.148,30.6,29.0,0,0
Japanese Grand Prix,PER,10,1,SOFT,10,0.2857,90.389,3,0.99,1.628,43.4,27.2,0,0
Japanese Grand Prix,PER,11,1,SOFT,11,0.3143,91.072,3,2.795,1.599,35.0,28.6,0,0
Japanese Grand Prix,PER,12,1,SOFT,12,0.3429,91.585,13,1.944,2.658,42.2,27.6,0,0
Japanese Grand Prix,PER,13,1,SOFT,13,0.3714,91.606,11,2.817,1.088,33.2,26.6,0,0
Japanese Grand Prix,PER,14,1,SOFT,14,0.4,91.425,11,0.747,3.665,43.4,26.4,0,0
Japanese Grand Prix,PER,15,1,SOFT,15,0.4286,91.135,19,1.252,0.65,35.8,29.0,0,0
Japanese Grand Prix,PER,16,1,SOFT,16,0.4571,91.125,3,1.479,4.68,34.6,24.0,0,0
Japanese Grand Prix,PER,17,1,SOFT,17,0.4857,91.226,8,4.186,0.815,41.9,26.0,0,0
Japanese Grand Prix,PER,18,1,SOFT,18,0.5143,91.138,18,2.685,2.043,36.3,29.3,0,0
Japanese Grand Prix,PER,19,1,SOFT,19,0.5429,92.129,10,0.849,1.153,40.5,20.2,0,0
Japanese Grand Prix,PER,20,1,SOFT,20,0.5714,91.738,13,4.262,1.052,42.3,25.0,0,0
Japanese Grand Prix,PER,21,1,SOFT,21,0.6,91.909,11,4.49,0.609,35.7,25.3,0,0
Japanese Grand Prix,PER,22,1,SOFT,22,0.6286,91.495,10,2.216,2.754,44.3,27.6,0,0
Japanese Grand Prix,PER,23,1,SOFT,23,0.6571,92.114,18,0.745,1.258,36.8,28.1,0,1
Japanese Grand Prix,PER,24,1,SOFT,24,0.6857,92.13,9,1.471,0.696,34.6,27.0,1,0
Japanese Grand Prix,PER,25,2,HARD,1,0.0286,90.349,17,3.597,0.595,35.1,21.4,0,0
Japanese Grand Prix,PER,26,2,HARD,2,0.0571,91.061,18,2.372,1.275,31.7,25.8,0,0
Japanese Grand Prix,PER,27,2,HARD,3,0.0857,91.022,8,1.482,1.239,33.6,25.0,0,0
Japanese Grand Prix,PER,28,2,HARD,4,0.1143,90.975,9,1.98,3.441,34.2,25.7,0,0
Japanese Grand Prix,PER,29,2,HARD,5,0.1429,91.215,12,4.391,4.483,30.7,21.7,0,0
Japanese Grand Prix,PER,30,2,HARD,6,0.1714,91.294,12,2.607,4.93,38.4,26.6,0,0
Japanese Grand Prix,PER,31,2,HARD,7,0.2,91.371,2,2.22,3.175,31.0,22.6,0,0
Japanese Grand Prix,PER,32,2,HARD,8,0.2286,92.066,11,1.428,2.312,31.1,27.0,0,0
Japanese Grand Prix,PER,33,2,HARD,9,0.2571,91.91,5,1.901,1.045,43.0,24.9,0,0
Japanese Grand Prix,PER,34,2,HARD,10,0.2857,92.069,10,1.69,1.085,37.5,24.1,0,0
Japanese Grand Prix,PER,35,2,HARD,11,0.3143,92.166,18,2.522,3.689,39.4,26.4,0,0
Japanese Grand Prix,PER,36,2,HARD,12,0.3429,91.539,19,3.162,1.897,44.9,20.4,0,0
Japanese Grand Prix,PER,37,2,HARD,13,0.3714,92.127,15,0.693,1.598,31.7,25.3,0,0
Japanese Grand Prix,PER,38,2,HARD,14,0.4,92.057,1,3.124,4.711,43.0,23.3,0,0
Japanese Grand Prix,PER,39,2,HARD,15,0.4286,92.192,15,4.594,2.792,40.4,21.1,0,0
Japanese Grand Prix,PER,40,2,HARD,16,0.4571,91.717,7,2.514,3.48,40.6,28.9,0,0
Japanese Grand Prix,PER,41,2,HARD,17,0.4857,92.291,17,2.814,4.093,44.5,21.5,0,0
Japanese Grand Prix,PER,42,2,HARD,18,0.5143,92.176,13,3.027,3.717,40.9,26.7,0,0
Japanese Grand Prix,PER,43,2,HARD,19,0.5429,92.077,12,4.415,3.105,36.4,26.4,0,0
Japanese Grand Prix,PER,44,2,HARD,20,0.5714,92.698,15,0.806,3.529,45.0,27.8,0,0
Japanese Grand Prix,PER,45,2,HARD,21,0.6,92.487,8,2.181,4.969,44.9,21.1,0,0
Japanese Grand Prix,PER,46,2,HARD,22,0.6286,92.477,8,4.174,1.499,35.1,27.7,0,0
Japanese Grand Prix,PER,47,2,HARD,23,0.6571,92.567,16,1.893,4.65,39.9,24.4,0,0
Japanese Grand Prix,PER,48,2,HARD,24,0.6857,92.892,5,1.088,1.59,33.7,28.8,0,0
Japanese Grand Prix,PER,49,2,HARD,25,0.7143,92.96,18,2.578,4.996,42.6,27.4,0,0
Japanese Grand Prix,PER,50,2,HARD,26,0.7429,92.992,14,0.92,1.277,30.2,25.9,0,0
Japanese Grand Prix,RUS,1,1,MEDIUM,1,0.0286,90.155,19,4.564,4.163,34.7,29.7,0,0
Japanese Grand Prix,RUS,2,1,MEDIUM,2,0.0571,90.158,13,3.909,3.036,31.8,25.3,0,0
Japanese Grand Prix,RUS,3,1,MEDIUM,3,0.0857,90.003,11,4.065,3.912,43.7,20.1,0,0
Japanese Grand Prix,RUS,4,1,MEDIUM,4,0.1143,90.067,4,4.035,3.77,40.5,27.2,0,0
Japanese Grand Prix,RUS,5,1,MEDIUM,5,0.1429,90.323,16,2.291,1.994,39.4,28.3,0,0
Japanese Grand Prix,RUS,6,1,MEDIUM,6,0.1714,90.803,17,1.039,3.65,30.1,24.7,0,0
Japanese Grand Prix,RUS,7,1,MEDIUM,7,0.2,90.146,14,3.732,1.0,33.7,23.0,0,0
Japanese Grand Prix,RUS,8,1,MEDIUM,8,0.2286,89.969,15,2.498,0.789,41.9,22.4,0,0
Japanese Grand Prix,RUS,9,1,MEDIUM,9,0.2571,90.871,13,0.802,4.531,40.4,21.2,0,0
Japanese Grand Prix,RUS,10,1,MEDIUM,10,0.2857,90.447,7,4.808,4.98,41.0,22.3,0,0
Japanese Grand Prix,RUS,11,1,MEDIUM,11,0.3143,91.162,14,4.67,3.215,33.0,29.2,0,0
Japanese Grand Prix,RUS,12,1,MEDIUM,12,0.3429,90.965,6,1.539,0.943,44.7,23.0,0,0
Japanese Grand Prix,RUS,13,1,MEDIUM,13,0.3714,90.767,10,2.527,1.956,42.8,25.9,0,0
Japanese Grand Prix,RUS,14,1,MEDIUM,14,0.4,91.388,7,2.48,2.207,41.6,25.2,0,0
Japanese Grand Prix,RUS,15,1,MEDIUM,15,0.4286,91.077,13,0.92,2.68,31.4,21.3,0,0
Japanese Grand Prix,RUS,16,1,MEDIUM,16,0.4571,91.265,7,1.28,0.943,34.9,21.4,0,0
Japanese Grand Prix,RUS,17,1,MEDIUM,17,0.4857,91.104,18,3.577,0.589,31.8,28.4,0,0
Japanese Grand Prix,RUS,18,1,MEDIUM,18,0.5143,91.172,10,4.793,2.8,43.7,29.7,0,0
Japanese Grand Prix,RUS,19,1,MEDIUM,19,0.5429,91.595,5,1.117,3.151,43.5,27.9,0,0
Japanese Grand Prix,RUS,20,1,MEDIUM,20,0.5714,90.885,17,2.497,1.607,40.2,28.7,0,0
Japanese Grand Prix,RUS,21,1,MEDIUM,21,0.6,91.861,4,4.287,2.44,36.0,20.3,0,0
Japanese Grand Prix,RUS,22,1,MEDIUM,22,0.6286,91.843,8,0.965,3.078,36.0,24.3,0,0
Japanese Grand Prix,RUS,23,1,MEDIUM,23,0.6571,91.836,6,3.758,2.353,30.3,20.3,0,0
Japanese Grand Prix,RUS,24,1,MEDIUM,24,0.6857,91.99,2,0.67,4.899,30.1,28.7,0,0
Japanese Grand Prix,RUS,25,1,MEDIUM,25,0.7143,91.968,7,2.972,0.818,38.1,28.9,0,1
Japanese Grand Prix,RUS,26,1,MEDIUM,26,0.7429,92.216,3,0.979,1.073,43.6,25.3,1,0
Japanese Grand Prix,RUS,27,2,HARD,1,0.0286,90.563,19,1.019,4.674,42.3,22.2,0,0
Japanese Grand Prix,RUS,28,2,HARD,2,0.0571,90.312,9,0.827,4.265,32.6,20.7,0,0
Japanese Grand Prix,RUS,29,2,HARD,3,0.0857,90.633,8,3.674,3.541,42.1,23.0,0,0
Japanese Grand Prix,RUS,30,2,HARD,4,0.1143,91.087,2,3.043,2.516,34.6,25.0,0,0
Japanese Grand Prix,RUS,31,2,HARD,5,0.1429,90.677,1,4.811,1.475,30.7,22.9,0,0
Japanese Grand Prix,RUS,32,2,HARD,6,0.1714,90.897,2,1.386,3.392,36.9,27.9,0,0
Japanese Grand Prix,RUS,33,2,HARD,7,0.2,91.0,14,3.769,0.93,35.9,29.8,0,0
Japanese Grand Prix,RUS,34,2,HARD,8,0.2286,90.777,15,3.384,2.854,43.5,27.3,0,0
Japanese Grand Prix,RUS,35,2,HARD,9,0.2571,91.064,14,2.794,4.149,36.6,21.2,0,0
Japanese Grand Prix,RUS,36,2,HARD,10,0.2857,91.194,5,1.437,1.064,32.8,20.3,0,0
Japanese Grand Prix,RUS,37,2,HARD,11,0.3143,91.147,11,1.991,4.898,43.0,23.2,0,0
Japanese Grand Prix,RUS,38,2,HARD,12,0.3429,90.608,19,1.607,2.645,43.8,27.2,0,0
Japanese Grand Prix,RUS,39,2,HARD,13,0.3714,91.031,18,2.486,3.52,30.5,25.9,0,0
Japanese Grand Prix,RUS,40,2,HARD,14,0.4,90.865,2,4.134,0.742,31.0,24.4,0,0
Japanese Grand Prix,RUS,41,2,HARD,15,0.4286,91.621,14,3.855,3.354,41.6,23.2,0,0
Japanese Grand Prix,RUS,42,2,HARD,16,0.4571,91.681,5,1.297,4.429,41.1,26.6,0,0
Japanese Grand Prix,RUS,43,2,HARD,17,0.4857,91.709,18,1.679,4.908,42.0,23.0,0,0
Japanese Grand Prix,RUS,44,2,HARD,18,0.5143,91.798,1,2.469,4.857,44.3,27.7,0,0
Japanese Grand Prix,RUS,45,2,HARD,19,0.5429,91.917,4,1.704,4.19,44.9,20.8,0,0
Japanese Grand Prix,RUS,46,2,HARD,20,0.5714,92.198,14,4.268,4.449,34.5,28.2,0,0
Japanese Grand Prix,RUS,47,2,HARD,21,0.6,91.894,1,4.883,1.974,43.8,22.7,0,0
Japanese Grand Prix,RUS,48,2,HARD,22,0.6286,92.576,4,1.93,1.545,43.2,28.4,0,0
Japanese Grand Prix,RUS,49,2,HARD,23,0.6571,91.902,10,4.12,3.27,31.5,25.9,0,0
Japanese Grand Prix,RUS,50,2,HARD,24,0.6857,92.542,1,2.539,1.203,44.4,27.8,0,0
Japanese Grand Prix,RUS,51,2,HARD,25,0.7143,92.18,9,1.632,2.433,37.3,21.4,0,0
Japanese Grand Prix,RUS,52,2,HARD,26,0.7429,92.559,9,1.958,2.837,41.7,28.4,0,0
Japanese Grand Prix,RUS,53,2,HARD,27,0.7714,92.826,10,2.196,3.327,38.2,22.3,0,0
Japanese Grand Prix,RUS,54,2,HARD,28,0.8,92.773,16,0.506,2.51,34.2,21.0,0,0
Japanese Grand Prix,RUS,55,2,HARD,29,0.8286,92.172,7,4.457,0.677,44.8,26.6,0,0
Japanese Grand Prix,PIA,1,1,SOFT,1,0.0286,90.192,19,3.217,2.468,42.3,29.2,0,0
Japanese Grand Prix,PIA,2,1,SOFT,2,0.0571,90.549,1,4.194,0.766,43.6,21.9,0,0
Japanese Grand Prix,PIA,3,1,SOFT,3,0.0857,90.496,11,1.92,4.066,32.0,27.6,0,0
Japanese Grand Prix,PIA,4,1,SOFT,4,0.1143,90.364,8,4.425,4.378,44.0,28.9,0,0
Japanese Grand Prix,PIA,5,1,SOFT,5,0.1429,90.637,7,2.791,4.962,44.7,26.4,0,0
Japanese Grand Prix,PIA,6,1,SOFT,6,0.1714,90.766,14,2.71,3.571,31.5,23.3,0,0
Japanese Grand Prix,PIA,7,1,SOFT,7,0.2,90.597,3,2.206,2.595,37.0,22.6,0,0
Japanese Grand Prix,PIA,8,1,SOFT,8,0.2286,90.342,9,3.267,4.897,31.7,22.1,0,0
Japanese Grand Prix,PIA,9,1,SOFT,9,0.2571,90.899,14,3.286,2.883,41.4,20.4,0,0
Japanese Grand Prix,PIA,10,1,SOFT,10,0.2857,90.846,7,0.738,4.35,43.9,20.9,0,0
Japanese Grand Prix,PIA,11,1,SOFT,11,0.3143,90.893,8,3.992,3.428,33.2,23.7,0,0
Japanese Grand Prix,PIA,12,1,SOFT,12,0.3429,90.959,1,3.181,1.915,38.4,25.3,0,0
Japanese Grand Prix,PIA,13,1,SOFT,13,0.3714,91.457,12,0.808,1.259,41.9,26.5,0,0
Japanese Grand Prix,PIA,14,1,SOFT,14,0.4,91.051,9,4.685,3.682,34.9,23.9,0,0
Japanese Grand Prix,PIA,15,1,SOFT,15,0.4286,91.41,11,4.752,3.409,33.2,27.3,0,0
Japanese Grand Prix,PIA,16,1,SOFT,16,0.4571,91.705,7,1.463,3.19,41.7,23.4,0,0
Japanese Grand Prix,PIA,17,1,SOFT,17,0.4857,91.631,10,2.347,4.948,37.0,22.6,0,0
Japanese Grand Prix,PIA,18,1,SOFT,18,0.5143,91.426,15,2.71,3.196,31.4,23.8,0,0
Japanese Grand Prix,PIA,19,1,SOFT,19,0.5429,91.605,15,1.801,2.608,44.8,28.9,0,0
Japanese Grand Prix,PIA,20,1,SOFT,20,0.5714,91.807,9,2.403,3.513,30.3,28.2,0,0
Japanese Grand Prix,PIA,21,1,SOFT,21,0.6,91.565,5,2.388,1.347,30.1,29.7,0,0
Japanese Grand Prix,PIA,22,1,SOFT,22,0.6286,91.259,8,4.862,1.131,38.8,22.0,0,0
Japanese Grand Prix,PIA,23,1,SOFT,23,0.6571,92.053,18,3.446,0.721,31.6,21.3,0,0
Japanese Grand Prix,PIA,24,1,SOFT,24,0.6857,92.137,12,1.302,3.598,42.5,24.1,0,0
Japanese Grand Prix,PIA,25,1,SOFT,25,0.7143,91.809,13,3.469,1.956,35.1,26.6,0,0
Japanese Grand Prix,PIA,26,1,SOFT,26,0.7429,92.291,18,4.154,1.202,41.8,20.6,0,1
Japanese Grand Prix,PIA,27,1,SOFT,27,0.7714,92.353,1,1.516,2.962,44.3,25.0,1,0
Japanese Grand Prix,PIA,28,2,HARD,1,0.0286,90.661,2,4.15,3.981,32.2,24.6,0,0
Japanese Grand Prix,PIA,29,2,HARD,2,0.0571,90.843,9,3.239,1.187,42.5,23.6,0,0
Japanese Grand Prix,PIA,30,2,HARD,3,0.0857,91.382,13,3.943,4.795,42.7,29.5,0,0
Japanese Grand Prix,PIA,31,2,HARD,4,0.1143,90.871,3,3.62,3.312,30.2,27.5,0,0
Japanese Grand Prix,PIA,32,2,HARD,5,0.1429,91.315,15,2.703,2.552,33.1,27.6,0,0
Japanese Grand Prix,PIA,33,2,HARD,6,0.1714,91.475,8,2.935,4.823,31.8,27.4,0,0
Japanese Grand Prix,PIA,34,2,HARD,7,0.2,91.399,9,4.224,2.121,39.0,21.6,0,0
Japanese Grand Prix,PIA,35,2,HARD,8,0.2286,91.107,17,2.876,2.351,34.0,30.0,0,0
Japanese Grand Prix,PIA,36,2,HARD,9,0.2571,91.625,19,0.696,1.478,44.6,29.8,0,0
Japanese Grand Prix,PIA,37,2,HARD,10,0.2857,91.859,4,2.266,2.303,32.7,20.0,0,0
Japanese Grand Prix,PIA,38,2,HARD,11,0.3143,91.817,2,3.079,4.014,35.5,29.8,0,0
Japanese Grand Prix,PIA,39,2,HARD,12,0.3429,91.527,6,4.245,2.564,38.9,22.7,0,0
Japanese Grand Prix,PIA,40,2,HARD,13,0.3714,91.84,11,3.433,1.349,30.9,24.2,0,0
Japanese Grand Prix,PIA,41,2,HARD,14,0.4,91.628,8,1.317,1.6,42.5,26.1,0,0
Japanese Grand Prix,PIA,42,2,HARD,15,0.4286,91.687,13,1.544,1.045,30.1,25.1,0,0
Japanese Grand Prix,PIA,43,2,HARD,16,0.4571,92.316,15,2.606,3.054,41.9,25.6,0,0
Japanese Grand Prix,PIA,44,2,HARD,17,0.4857,92.121,4,1.518,2.609,36.4,22.9,0,0
Japanese Grand Prix,PIA,45,2,HARD,18,0.5143,92.424,3,1.832,1.602,33.3,21.4,0,0
Japanese Grand Prix,PIA,46,2,HARD,19,0.5429,92.21,4,3.905,2.543,33.2,22.0,0,0
Japanese Grand Prix,PIA,47,2,HARD,20,0.5714,92.558,4,2.304,2.439,30.9,24.5,0,0
Japanese Grand Prix,PIA,48,2,HARD,21,0.6,92.744,15,4.236,4.339,33.3,20.6,0,0
Japanese Grand Prix,PIA,49,2,HARD,22,0.6286,92.407,2,0.789,1.518,41.9,28.0,0,0
Japanese Grand Prix,PIA,50,2,HARD,23,0.6571,92.865,2,0.923,3.295,43.7,23.0,0,0
Japanese Grand Prix,PIA,51,2,HARD,24,0.6857,93.057,15,4.28,4.13,30.2,21.9,0,0
Japanese Grand Prix,PIA,52,2,HARD,25,0.7143,92.965,2,2.191,4.921,40.0,29.6,0,0
Japanese Grand Prix,PIA,53,2,HARD,26,0.7429,93.029,19,4.953,1.21,37.7,27.9,0,0
Japanese Grand Prix,PIA,54,2,HARD,27,0.7714,92.936,14,4.023,0.821,43.1,26.3,0,0
Japanese Grand Prix,ALO,1,1,SOFT,1,0.0286,89.708,15,1.561,1.989,44.3,23.3,0,0
Japanese Grand Prix,ALO,2,1,SOFT,2,0.0571,89.715,16,2.317,2.283,32.9,25.4,0,0
Japanese Grand Prix,ALO,3,1,SOFT,3,0.0857,89.936,6,1.655,0.954,39.1,26.8,0,0
Japanese Grand Prix,ALO,4,1,SOFT,4,0.1143,90.124,8,2.38,2.864,31.7,29.9,0,0
Japanese Grand Prix,ALO,5,1,SOFT,5,0.1429,90.258,5,3.368,4.466,38.8,27.8,0,0
Japanese Grand Prix,ALO,6,1,SOFT,6,0.1714,89.742,1,4.56,2.236,41.7,27.2,0,0
Japanese Grand Prix,ALO,7,1,SOFT,7,0.2,90.206,14,3.468,2.964,37.4,23.1,0,0
Japanese Grand Prix,ALO,8,1,SOFT,8,0.2286,90.093,9,2.162,0.944,38.6,21.0,0,0
Japanese Grand Prix,ALO,9,1,SOFT,9,0.2571,90.605,3,0.824,3.355,40.3,25.3,0,0
Japanese Grand Prix,ALO,10,1,SOFT,10,0.2857,90.323,13,3.726,4.467,39.6,23.9,0,0
Japanese Grand Prix,ALO,11,1,SOFT,11,0.3143,90.306,7,3.63,2.473,38.3,25.6,0,0
Japanese Grand Prix,ALO,12,1,SOFT,12,0.3429,90.543,19,2.642,2.618,35.8,28.2,0,0
Japanese Grand Prix,ALO,13,1,SOFT,13,0.3714,91.205,1,4.711,3.998,32.3,21.7,0,0
Japanese Grand Prix,ALO,14,1,SOFT,14,0.4,90.477,8,3.822,3.678,44.8,25.2,0,0
Japanese Grand Prix,ALO,15,1,SOFT,15,0.4286,90.888,9,3.745,3.393,38.5,27.2,0,0
Japanese Grand Prix,ALO,16,1,SOFT,16,0.4571,91.204,4,1.894,1.581,35.4,29.1,0,0
Japanese Grand Prix,ALO,17,1,SOFT,17,0.4857,91.373,8,1.949,3.033,34.2,21.0,0,0
Japanese Grand Prix,ALO,18,1,SOFT,18,0.5143,91.181,5,1.469,3.749,42.2,24.1,0,0
Japanese Grand Prix,ALO,19,1,SOFT,19,0.5429,90.991,2,1.728,1.213,30.8,22.4,0,1
Japanese Grand Prix,ALO,20,1,SOFT,20,0.5714,91.588,18,1.418,3.62,43.8,23.9,1,0
Japanese Grand Prix,ALO,21,2,HARD,1,0.0286,90.354,1,4.738,4.324,42.7,29.2,0,0
Japanese Grand Prix,ALO,22,2,HARD,2,0.0571,90.364,10,1.613,2.306,40.8,28.8,0,0
Japanese Grand Prix,ALO,23,2,HARD,3,0.0857,90.987,6,4.262,3.913,34.8,21.0,0,0
Japanese Grand Prix,ALO,24,2,HARD,4,0.1143,90.129,2,0.924,3.123,30.8,23.4,0,0
Japanese Grand Prix,ALO,25,2,HARD,5,0.1429,90.61,14,4.474,1.252,33.3,21.3,0,0
Japanese Grand Prix,ALO,26,2,HARD,6,0.1714,91.15,15,2.289,1.447,37.8,29.2,0,0
Japanese Grand Prix,ALO,27,2,HARD,7,0.2,90.708,14,1.463,3.724,33.4,29.9,0,0
Japanese Grand Prix,ALO,28,2,HARD,8,0.2286,91.171,9,3.75,3.268,32.3,28.4,0,0
Japanese Grand Prix,ALO,29,2,HARD,9,0.2571,90.71,8,0.706,1.409,41.9,27.4,0,0
Japanese Grand Prix,ALO,30,2,HARD,10,0.2857,91.195,3,4.088,2.556,34.9,21.6,0,0
Japanese Grand Prix,ALO,31,2,HARD,11,0.3143,91.416,10,4.622,4.003,30.8,25.3,0,0
Japanese Grand Prix,ALO,32,2,HARD,12,0.3429,91.129,12,3.021,0.881,43.6,29.1,0,0
Japanese Grand Prix,ALO,33,2,HARD,13,0.3714,91.569,3,1.044,1.496,34.9,22.2,0,0
Japanese Grand Prix,ALO,34,2,HARD,14,0.4,91.589,3,3.018,3.582,44.5,29.3,0,0
Japanese Grand Prix,ALO,35,2,HARD,15,0.4286,92.021,3,0.876,0.525,30.4,25.6,0,0
Japanese Grand Prix,ALO,36,2,HARD,16,0.4571,91.817,1,1.34,4.526,33.7,20.9,0,0
Japanese Grand Prix,ALO,37,2,HARD,17,0.4857,91.599,1,0.998,4.153,42.4,28.0,0,0
Japanese Grand Prix,ALO,38,2,HARD,18,0.5143,91.992,5,3.455,4.267,35.6,28.7,0,0
Japanese Grand Prix,ALO,39,2,HARD,19,0.5429,91.772,4,3.293,2.389,39.2,27.6,0,0
Japanese Grand Prix,ALO,40,2,HARD,20,0.5714,91.747,19,3.324,4.709,34.5,23.6,0,0
Japanese Grand Prix,ALO,41,2,HARD,21,0.6,92.289,6,2.043,1.371,33.0,27.3,0,0
Japanese Grand Prix,ALO,42,2,HARD,22,0.6286,92.553,15,3.325,0.501,30.3,23.9,0,0
Japanese Grand Prix,ALO,43,2,HARD,23,0.6571,92.534,19,3.61,2.845,44.7,21.6,0,0
Japanese Grand Prix,ALO,44,2,HARD,24,0.6857,92.608,5,2.711,1.375,41.2,22.8,0,0
Japanese Grand Prix,ALO,45,2,HARD,25,0.7143,92.041,1,0.761,3.633,30.8,28.2,0,0
Japanese Grand Prix,ALO,46,2,HARD,26,0.7429,92.142,6,0.99,2.628,41.3,26.1,0,0
Japanese Grand Prix,ALO,47,2,HARD,27,0.7714,92.521,5,4.981,1.304,44.7,23.8,0,0
Japanese Grand Prix,ALO,48,2,HARD,28,0.8,92.444,6,2.807,1.161,38.3,21.4,0,0
Japanese Grand Prix,ALO,49,2,HARD,29,0.8286,92.898,12,1.932,1.17,41.9,26.0,0,0
Japanese Grand Prix,ALO,50,2,HARD,30,0.8571,92.858,12,1.281,2.18,36.3,23.0,0,0
Japanese Grand Prix,STR,1,1,SOFT,1,0.0286,89.022,15,4.513,4.87,41.8,25.4,0,0
Japanese Grand Prix,STR,2,1,SOFT,2,0.0571,88.817,1,1.192,2.653,38.1,24.9,0,0
Japanese Grand Prix,STR,3,1,SOFT,3,0.0857,89.158,17,2.874,2.004,33.1,28.0,0,0
Japanese Grand Prix,STR,4,1,SOFT,4,0.1143,89.353,11,1.028,3.442,42.8,29.3,0,0
Japanese Grand Prix,STR,5,1,SOFT,5,0.1429,89.55,3,4.229,2.415,30.9,25.6,0,0
Japanese Grand Prix,STR,6,1,SOFT,6,0.1714,89.084,1,0.839,4.813,36.5,26.2,0,0
Japanese Grand Prix,STR,7,1,SOFT,7,0.2,89.468,18,1.832,2.757,43.0,27.9,0,0
Japanese Grand Prix,STR,8,1,SOFT,8,0.2286,89.906,9,1.013,0.878,35.1,23.1,0,0
Japanese Grand Prix,STR,9,1,SOFT,9,0.2571,89.548,6,2.692,2.414,36.4,28.7,0,0
Japanese Grand Prix,STR,10,1,SOFT,10,0.2857,90.099,3,4.493,0.549,43.3,22.7,0,0
Japanese Grand Prix,STR,11,1,SOFT,11,0.3143,89.718,10,4.159,4.038,43.4,25.5,0,0
Japanese Grand Prix,STR,12,1,SOFT,12,0.3429,89.987,12,1.816,2.31,41.5,22.4,0,0
Japanese Grand Prix,STR,13,1,SOFT,13,0.3714,89.711,11,0.752,2.779,43.1,22.1,0,0
Japanese Grand Prix,STR,14,1,SOFT,14,0.4,90.157,14,4.632,1.618,39.2,24.0,0,0
Japanese Grand Prix,STR,15,1,SOFT,15,0.4286,90.142,14,4.179,2.902,35.1,26.6,0,0
Japanese Grand Prix,STR,16,1,SOFT,16,0.4571,89.584,5,0.755,1.264,34.3,22.8,0,0
Japanese Grand Prix,STR,17,1,SOFT,17,0.4857,89.925,9,4.233,3.63,38.6,21.9,0,0
Japanese Grand Prix,STR,18,1,SOFT,18,0.5143,90.432,13,2.5,4.322,39.2,22.9,0,1
Japanese Grand Prix,STR,19,1,SOFT,19,0.5429,90.711,17,4.519,2.041,45.0,20.0,1,0
Japanese Grand Prix,STR,20,2,HARD,1,0.0286,89.488,8,0.724,1.313,39.7,21.4,0,0
Japanese Grand Prix,STR,21,2,HARD,2,0.0571,90.099,14,3.31,1.569,37.5,29.3,0,0
Japanese Grand Prix,STR,22,2,HARD,3,0.0857,90.296,14,1.081,3.348,40.8,21.6,0,0
Japanese Grand Prix,STR,23,2,HARD,4,0.1143,89.764,17,3.775,1.327,37.7,20.9,0,0
Japanese Grand Prix,STR,24,2,HARD,5,0.1429,90.007,8,4.328,0.845,35.3,29.0,0,0
Japanese Grand Prix,STR,25,2,HARD,6,0.1714,89.961,3,4.589,2.833,31.1,21.1,0,0
Japanese Grand Prix,STR,26,2,HARD,7,0.2,89.95,1,4.731,3.618,43.0,23.7,0,0
Japanese Grand Prix,STR,27,2,HARD,8,0.2286,90.275,3,3.827,1.315,44.4,26.4,0,0
Japanese Grand Prix,STR,28,2,HARD,9,0.2571,89.968,19,4.821,1.743,33.7,25.6,0,0
Japanese Grand Prix,STR,29,2,HARD,10,0.2857,90.518,7,3.539,2.97,30.1,20.4,0,0
Japanese Grand Prix,STR,30,2,HARD,11,0.3143,90.637,2,1.006,3.559,33.9,24.8,0,0
Japanese Grand Prix,STR,31,2,HARD,12,0.3429,90.268,7,3.533,2.918,36.7,26.3,0,0
Japanese Grand Prix,STR,32,2,HARD,13,0.3714,90.313,1,2.963,2.945,44.6,23.7,0,0
Japanese Grand Prix,STR,33,2,HARD,14,0.4,90.784,6,4.916,2.832,43.9,24.1,0,0
Japanese Grand Prix,STR,34,2,HARD,15,0.4286,90.678,3,3.106,0.69,38.8,22.7,0,0
Japanese Grand Prix,STR,35,2,HARD,16,0.4571,91.066,13,1.374,4.883,35.4,26.0,0,0
Japanese Grand Prix,STR,36,2,HARD,17,0.4857,90.765,15,0.894,2.217,37.6,22.7,0,0
Japanese Grand Prix,STR,37,2,HARD,18,0.5143,91.266,18,4.777,3.314,42.3,26.5,0,0
Japanese Grand Prix,STR,38,2,HARD,19,0.5429,91.109,8,4.75,1.728,32.5,24.8,0,0
Japanese Grand Prix,STR,39,2,HARD,20,0.5714,90.919,14,2.043,4.86,40.4,24.0,0,0
Japanese Grand Prix,STR,40,2,HARD,21,0.6,91.435,14,2.102,1.264,31.6,29.1,0,0
Japanese Grand Prix,STR,41,2,HARD,22,0.6286,91.291,3,2.085,2.429,42.4,27.7,0,0
Japanese Grand Prix,STR,42,2,HARD,23,0.6571,91.308,17,3.707,3.357,35.8,29.1,0,0
Japanese Grand Prix,STR,43,2,HARD,24,0.6857,91.525,3,0.895,2.657,40.9,25.7,0,0
Japanese Grand Prix,STR,44,2,HARD,25,0.7143,91.188,14,2.941,4.815,33.1,26.5,0,0
Japanese Grand Prix,STR,45,2,HARD,26,0.7429,91.413,7,1.268,4.401,35.9,29.2,0,0
Japanese Grand Prix,STR,46,2,HARD,27,0.7714,91.76,8,3.261,2.354,39.8,30.0,0,0
Japanese Grand Prix,STR,47,2,HARD,28,0.8,91.616,15,2.926,2.797,32.4,23.7,0,0
Japanese Grand Prix,STR,48,2,HARD,29,0.8286,91.833,16,3.929,1.683,30.7,20.0,0,0
Japanese Grand Prix,STR,49,2,HARD,30,0.8571,91.658,18,2.616,2.886,34.0,26.4,0,0
Japanese Grand Prix,STR,50,2,HARD,31,0.8857,91.87,16,1.846,3.913,33.1,25.4,0,0
Japanese Grand Prix,STR,51,2,HARD,32,0.9143,92.172,2,3.027,3.618,38.0,24.3,0,0
Japanese Grand Prix,STR,52,2,HARD,33,0.9429,92.557,19,3.766,4.056,34.3,23.9,0,0
Chinese Grand Prix,VER,1,1,MEDIUM,1,0.0286,89.458,8,1.342,2.769,42.7,22.4,0,0
Chinese Grand Prix,VER,2,1,MEDIUM,2,0.0571,88.835,3,2.275,4.939,36.5,23.1,0,0
Chinese Grand Prix,VER,3,1,MEDIUM,3,0.0857,89.071,6,0.865,1.924,44.5,21.5,0,0
Chinese Grand Prix,VER,4,1,MEDIUM,4,0.1143,89.054,3,1.337,0.522,37.6,25.6,0,0
Chinese Grand Prix,VER,5,1,MEDIUM,5,0.1429,89.552,7,2.938,1.489,39.8,29.0,0,0
Chinese Grand Prix,VER,6,1,MEDIUM,6,0.1714,89.956,9,1.354,4.669,30.5,24.6,0,0
Chinese Grand Prix,VER,7,1,MEDIUM,7,0.2,89.984,2,3.927,3.633,33.6,21.2,0,0
Chinese Grand Prix,VER,8,1,MEDIUM,8,0.2286,89.475,18,4.537,2.474,33.5,24.1,0,0
Chinese Grand Prix,VER,9,1,MEDIUM,9,0.2571,89.72,6,3.214,1.156,40.9,22.1,0,0
Chinese Grand Prix,VER,10,1,MEDIUM,10,0.2857,90.029,2,4.696,1.566,40.4,29.8,0,0
Chinese Grand Prix,VER,11,1,MEDIUM,11,0.3143,90.291,7,2.012,1.264,38.7,24.8,0,0
Chinese Grand Prix,VER,12,1,MEDIUM,12,0.3429,90.343,8,2.486,2.024,34.4,22.1,0,0
Chinese Grand Prix,VER,13,1,MEDIUM,13,0.3714,90.076,6,4.765,1.079,30.5,24.1,0,0
Chinese Grand Prix,VER,14,1,MEDIUM,14,0.4,90.203,19,3.507,3.726,38.7,29.6,0,0
Chinese Grand Prix,VER,15,1,MEDIUM,15,0.4286,90.223,9,1.119,2.384,42.8,29.3,0,0
Chinese Grand Prix,VER,16,1,MEDIUM,16,0.4571,90.189,18,3.609,2.396,42.8,27.7,0,0
Chinese Grand Prix,VER,17,1,MEDIUM,17,0.4857,90.55,5,4.056,4.11,40.8,20.2,0,0
Chinese Grand Prix,VER,18,1,MEDIUM,18,0.5143,90.434,15,1.812,1.555,38.0,21.1,0,0
Chinese Grand Prix,VER,19,1,MEDIUM,19,0.5429,90.395,17,2.208,4.272,34.7,25.7,0,0
Chinese Grand Prix,VER,20,1,MEDIUM,20,0.5714,90.576,6,2.914,4.259,39.2,26.3,0,0
Chinese Grand Prix,VER,21,1,MEDIUM,21,0.6,91.022,11,0.59,1.134,40.2,27.5,0,1
Chinese Grand Prix,VER,22,1,MEDIUM,22,0.6286,90.926,4,1.525,0.945,36.5,21.3,1,0
Chinese Grand Prix,VER,23,2,HARD,1,0.0286,90.04,16,3.567,2.026,38.6,24.5,0,0
Chinese Grand Prix,VER,24,2,HARD,2,0.0571,89.596,4,1.981,3.071,33.7,26.5,0,0
Chinese Grand Prix,VER,25,2,HARD,3,0.0857,89.749,13,1.901,2.795,42.9,24.2,0,0
Chinese Grand Prix,VER,26,2,HARD,4,0.1143,90.182,13,4.354,1.895,35.9,23.6,0,0
Chinese Grand Prix,VER,27,2,HARD,5,0.1429,90.222,8,2.463,2.93,33.0,24.3,0,0
Chinese Grand Prix,VER,28,2,HARD,6,0.1714,89.734,18,3.501,2.512,44.0,28.5,0,0
Chinese Grand Prix,VER,29,2,HARD,7,0.2,89.83,18,4.427,1.838,33.9,23.8,0,0
Chinese Grand Prix,VER,30,2,HARD,8,0.2286,90.369,18,2.176,1.932,39.3,21.6,0,0
Chinese Grand Prix,VER,31,2,HARD,9,0.2571,90.356,13,3.148,2.917,41.8,25.6,0,0
Chinese Grand Prix,VER,32,2,HARD,10,0.2857,90.446,17,2.561,3.052,43.5,29.7,0,0
Chinese Grand Prix,VER,33,2,HARD,11,0.3143,90.75,2,1.223,3.799,36.5,24.5,0,0
Chinese Grand Prix,VER,34,2,HARD,12,0.3429,90.671,13,3.233,1.333,39.4,21.7,0,0
Chinese Grand Prix,VER,35,2,HARD,13,0.3714,90.541,6,2.992,4.721,40.9,25.5,0,0
Chinese Grand Prix,VER,36,2,HARD,14,0.4,90.547,17,2.665,0.706,30.1,29.9,0,0
Chinese Grand Prix,VER,37,2,HARD,15,0.4286,90.445,1,1.699,2.052,39.7,28.8,0,0
Chinese Grand Prix,VER,38,2,HARD,16,0.4571,91.184,12,2.095,4.782,39.6,27.9,0,0
Chinese Grand Prix,VER,39,2,HARD,17,0.4857,90.666,5,2.567,0.849,44.4,28.8,0,0
Chinese Grand Prix,VER,40,2,HARD,18,0.5143,91.151,19,1.905,1.783,41.0,22.8,0,0
Chinese Grand Prix,VER,41,2,HARD,19,0.5429,90.866,10,2.059,3.985,33.9,23.3,0,0
Chinese Grand Prix,VER,42,2,HARD,20,0.5714,91.52,8,4.708,1.81,37.8,23.9,0,0
Chinese Grand Prix,VER,43,2,HARD,21,0.6,91.202,18,1.829,3.961,35.9,27.3,0,0
Chinese Grand Prix,VER,44,2,HARD,22,0.6286,91.379,5,4.608,3.897,33.4,28.9,0,0
Chinese Grand Prix,VER,45,2,HARD,23,0.6571,91.708,10,4.099,3.414,30.1,22.5,0,0
Chinese Grand Prix,VER,46,2,HARD,24,0.6857,90.995,11,1.274,2.393,42.5,20.2,0,0
Chinese Grand Prix,VER,47,2,HARD,25,0.7143,91.426,14,1.949,2.061,33.1,24.5,0,0
Chinese Grand Prix,VER,48,2,HARD,26,0.7429,91.35,4,1.557,2.491,32.3,26.0,0,0
Chinese Grand Prix,VER,49,2,HARD,27,0.7714,91.509,1,0.62,0.914,40.3,24.3,0,0
Chinese Grand Prix,VER,50,2,HARD,28,0.8,91.49,3,4.07,0.654,44.7,28.7,0,0
Chinese Grand Prix,VER,51,2,HARD,29,0.8286,91.632,14,1.585,2.739,44.2,24.4,0,0
Chinese Grand Prix,VER,52,2,HARD,30,0.8571,91.996,18,1.695,2.504,40.7,23.8,0,0
Chinese Grand Prix,HAM,1,1,SOFT,1,0.0286,91.084,8,0.646,3.411,38.3,26.7,0,0
Chinese Grand Prix,HAM,2,1,SOFT,2,0.0571,90.701,7,3.167,2.727,44.2,27.5,0,0
Chinese Grand Prix,HAM,3,1,SOFT,3,0.0857,90.672,19,4.848,4.882,30.6,29.5,0,0
Chinese Grand Prix,HAM,4,1,SOFT,4,0.1143,91.763,10,1.081,4.358,38.4,28.6,0,0
Chinese Grand Prix,HAM,5,1,SOFT,5,0.1429,91.103,19,0.874,4.619,36.1,23.9,0,0
Chinese Grand Prix,HAM,6,1,SOFT,6,0.1714,91.517,10,4.929,1.342,43.0,23.9,0,0
Chinese Grand Prix,HAM,7,1,SOFT,7,0.2,91.04,6,4.432,0.737,43.3,22.2,0,0
Chinese Grand Prix,HAM,8,1,SOFT,8,0.2286,91.298,11,3.728,1.091,44.1,29.0,0,0
Chinese Grand Prix,HAM,9,1,SOFT,9,0.2571,91.358,18,3.778,4.536,30.8,21.4,0,0
Chinese Grand Prix,HAM,10,1,SOFT,10,0.2857,91.558,13,3.286,0.651,36.0,25.8,0,0
Chinese Grand Prix,HAM,11,1,SOFT,11,0.3143,91.498,12,2.321,2.431,33.4,24.6,0,0
Chinese Grand Prix,HAM,12,1,SOFT,12,0.3429,92.078,6,4.327,1.154,30.4,29.3,0,0
Chinese Grand Prix,HAM,13,1,SOFT,13,0.3714,92.505,12,1.916,2.669,44.5,26.7,0,0
Chinese Grand Prix,HAM,14,1,SOFT,14,0.4,92.401,15,2.405,3.983,44.6,23.6,0,0
Chinese Grand Prix,HAM,15,1,SOFT,15,0.4286,92.244,16,0.543,1.567,33.5,24.2,0,0
Chinese Grand Prix,HAM,16,1,SOFT,16,0.4571,92.067,1,2.556,2.349,38.3,22.4,0,0
Chinese Grand Prix,HAM,17,1,SOFT,17,0.4857,92.066,6,2.712,0.583,32.2,23.8,0,0
Chinese Grand Prix,HAM,18,1,SOFT,18,0.5143,92.141,3,1.611,1.892,43.3,23.0,0,1
Chinese Grand Prix,HAM,19,1,SOFT,19,0.5429,92.014,7,2.673,1.842,42.7,26.0,1,0
Chinese Grand Prix,HAM,20,2,HARD,1,0.0286,91.543,7,4.053,3.532,39.1,20.5,0,0
Chinese Grand Prix,HAM,21,2,HARD,2,0.0571,91.74,9,1.042,1.146,39.9,26.6,0,0
Chinese Grand Prix,HAM,22,2,HARD,3,0.0857,92.13,16,2.524,3.258,40.3,25.1,0,0
Chinese Grand Prix,HAM,23,2,HARD,4,0.1143,92.501,11,2.216,1.334,35.3,23.4,0,0
Chinese Grand Prix,HAM,24,2,HARD,5,0.1429,91.944,19,2.839,3.568,36.7,22.4,0,0
Chinese Grand Prix,HAM,25,2,HARD,6,0.1714,92.213,16,1.936,4.338,33.3,21.8,0,0
Chinese Grand Prix,HAM,26,2,HARD,7,0.2,92.215,4,3.595,2.621,43.1,24.4,0,0
Chinese Grand Prix,HAM,27,2,HARD,8,0.2286,92.417,8,3.911,4.99,43.5,29.3,0,0
Chinese Grand Prix,HAM,28,2,HARD,9,0.2571,92.279,18,4.875,3.013,35.6,28.9,0,0
Chinese Grand Prix,HAM,29,2,HARD,10,0.2857,91.96,11,3.639,0.735,38.0,23.0,0,0
Chinese Grand Prix,HAM,30,2,HARD,11,0.3143,92.395,18,1.307,3.08,44.8,22.9,0,0
Chinese Grand Prix,HAM,31,2,HARD,12,0.3429,92.584,17,3.934,1.259,39.5,20.9,0,0
Chinese Grand Prix,HAM,32,2,HARD,13,0.3714,93.039,6,4.141,2.033,35.8,27.6,0,0
Chinese Grand Prix,HAM,33,2,HARD,14,0.4,93.227,8,0.995,3.019,33.7,29.8,0,0
Chinese Grand Prix,HAM,34,2,HARD,15,0.4286,92.432,8,4.716,0.505,43.4,23.1,0,0
Chinese Grand Prix,HAM,35,2,HARD,16,0.4571,92.652,8,1.461,4.576,43.5,21.0,0,1
Chinese Grand Prix,HAM,36,2,HARD,17,0.4857,92.813,17,3.866,1.497,33.3,29.5,1,0
Chinese Grand Prix,HAM,37,3,MEDIUM,1,0.0286,91.186,14,0.948,4.664,38.4,22.5,0,0
Chinese Grand Prix,HAM,38,3,MEDIUM,2,0.0571,91.524,17,3.758,1.337,43.6,28.3,0,0
Chinese Grand Prix,HAM,39,3,MEDIUM,3,0.0857,91.381,5,3.56,4.723,39.6,23.6,0,0
Chinese Grand Prix,HAM,40,3,MEDIUM,4,0.1143,91.504,12,3.553,3.785,33.2,20.8,0,0
Chinese Grand Prix,HAM,41,3,MEDIUM,5,0.1429,91.4,1,1.932,1.156,44.3,20.8,0,0
Chinese Grand Prix,HAM,42,3,MEDIUM,6,0.1714,91.506,19,1.328,2.591,30.2,24.8,0,0
Chinese Grand Prix,HAM,43,3,MEDIUM,7,0.2,91.783,5,2.698,0.621,40.6,23.9,0,0
Chinese Grand Prix,HAM,44,3,MEDIUM,8,0.2286,92.244,17,4.164,3.957,42.0,28.8,0,0
Chinese Grand Prix,HAM,45,3,MEDIUM,9,0.2571,91.921,19,1.433,4.668,33.2,22.6,0,0
Chinese Grand Prix,HAM,46,3,MEDIUM,10,0.2857,92.198,18,1.765,1.68,33.3,27.1,0,0
Chinese Grand Prix,HAM,47,3,MEDIUM,11,0.3143,92.166,17,1.629,1.638,39.4,27.6,0,0
Chinese Grand Prix,HAM,48,3,MEDIUM,12,0.3429,92.109,16,3.26,1.398,33.9,27.5,0,0
Chinese Grand Prix,HAM,49,3,MEDIUM,13,0.3714,92.292,5,0.552,4.847,37.1,28.0,0,0
Chinese Grand Prix,HAM,50,3,MEDIUM,14,0.4,92.435,14,1.859,2.444,37.9,22.7,0,0
Chinese Grand Prix,HAM,51,3,MEDIUM,15,0.4286,92.417,19,1.285,3.151,33.8,22.6,0,0
Chinese Grand Prix,HAM,52,3,MEDIUM,16,0.4571,92.738,10,1.323,4.779,42.6,23.9,0,0
Chinese Grand Prix,HAM,53,3,MEDIUM,17,0.4857,92.726,15,1.587,2.707,31.1,20.3,0,0
Chinese Grand Prix,LEC,1,1,SOFT,1,0.0286,90.871,17,3.523,2.442,31.7,21.0,0,0
Chinese Grand Prix,LEC,2,1,SOFT,2,0.0571,90.715,3,1.077,2.804,34.2,21.6,0,0
Chinese Grand Prix,LEC,3,1,SOFT,3,0.0857,91.169,19,3.773,4.24,31.9,21.4,0,0
Chinese Grand Prix,LEC,4,1,SOFT,4,0.1143,90.918,9,4.413,0.825,43.1,25.2,0,0
Chinese Grand Prix,LEC,5,1,SOFT,5,0.1429,91.299,19,1.894,1.837,34.6,28.8,0,0
Chinese Grand Prix,LEC,6,1,SOFT,6,0.1714,91.46,5,0.564,4.568,30.7,23.2,0,0
Chinese Grand Prix,LEC,7,1,SOFT,7,0.2,91.613,8,1.892,3.394,43.2,24.0,0,0
Chinese Grand Prix,LEC,8,1,SOFT,8,0.2286,91.397,11,3.525,4.78,37.3,24.7,0,0
Chinese Grand Prix,LEC,9,1,SOFT,9,0.2571,91.282,8,1.641,4.635,40.0,20.1,0,0
Chinese Grand Prix,LEC,10,1,SOFT,10,0.2857,91.709,17,3.575,3.759,43.4,27.6,0,0
Chinese Grand Prix,LEC,11,1,SOFT,11,0.3143,91.374,3,3.185,1.052,44.4,21.2,0,0
Chinese Grand Prix,LEC,12,1,SOFT,12,0.3429,91.899,5,3.742,3.659,36.8,25.2,0,0
Chinese Grand Prix,LEC,13,1,SOFT,13,0.3714,91.643,19,4.353,1.539,42.7,21.4,0,0
Chinese Grand Prix,LEC,14,1,SOFT,14,0.4,92.106,3,2.861,3.913,35.0,23.8,0,0
Chinese Grand Prix,LEC,15,1,SOFT,15,0.4286,91.999,16,1.459,0.967,35.2,27.5,0,0
Chinese Grand Prix,LEC,16,1,SOFT,16,0.4571,91.727,16,3.807,0.778,41.2,20.2,0,0
Chinese Grand Prix,LEC,17,1,SOFT,17,0.4857,92.565,16,1.447,3.634,34.6,28.7,0,1
Chinese Grand Prix,LEC,18,1,SOFT,18,0.5143,92.472,4,2.432,4.377,32.3,22.8,1,0
Chinese Grand Prix,LEC,19,2,HARD,1,0.0286,91.247,11,2.107,3.433,41.1,20.2,0,0
Chinese Grand Prix,LEC,20,2,HARD,2,0.0571,91.682,17,4.328,3.663,31.3,21.2,0,0
Chinese Grand Prix,LEC,21,2,HARD,3,0.0857,91.874,8,3.683,0.859,36.0,26.5,0,0
Chinese Grand Prix,LEC,22,2,HARD,4,0.1143,91.544,1,4.026,4.886,38.8,24.5,0,0
Chinese Grand Prix,LEC,23,2,HARD,5,0.1429,91.735,10,4.838,4.688,41.4,25.2,0,0
Chinese Grand Prix,LEC,24,2,HARD,6,0.1714,92.085,2,3.849,3.919,39.8,23.9,0,0
Chinese Grand Prix,LEC,25,2,HARD,7,0.2,91.756,15,1.995,0.541,33.0,21.1,0,0
Chinese Grand Prix,LEC,26,2,HARD,8,0.2286,92.07,2,3.609,3.572,42.6,21.3,0,0
Chinese Grand Prix,LEC,27,2,HARD,9,0.2571,92.442,1,0.963,0.849,38.9,21.9,0,0
Chinese Grand Prix,LEC,28,2,HARD,10,0.2857,92.586,4,4.621,2.741,36.0,27.5,0,0
Chinese Grand Prix,LEC,29,2,HARD,11,0.3143,92.34,3,3.434,2.691,41.9,29.2,0,0
Chinese Grand Prix,LEC,30,2,HARD,12,0.3429,92.871,12,4.917,4.24,43.7,22.5,0,0
Chinese Grand Prix,LEC,31,2,HARD,13,0.3714,92.172,6,2.016,0.968,38.6,25.8,0,0
Chinese Grand Prix,LEC,32,2,HARD,14,0.4,92.651,2,4.187,1.742,35.3,22.2,0,0
Chinese Grand Prix,LEC,33,2,HARD,15,0.4286,92.901,10,3.458,0.57,31.0,21.0,0,0
Chinese Grand Prix,LEC,34,2,HARD,16,0.4571,93.148,10,1.358,1.944,36.3,25.9,0,0
Chinese Grand Prix,LEC,35,2,HARD,17,0.4857,92.829,5,2.341,2.858,32.0,20.3,0,0
Chinese Grand Prix,LEC,36,2,HARD,18,0.5143,93.085,9,1.354,2.02,31.2,21.9,0,0
Chinese Grand Prix,LEC,37,2,HARD,19,0.5429,92.812,5,0.587,3.44,35.8,26.7,0,0
Chinese Grand Prix,LEC,38,2,HARD,20,0.5714,92.799,5,3.03,2.594,39.9,21.5,0,0
Chinese Grand Prix,LEC,39,2,HARD,21,0.6,93.343,7,3.967,4.847,37.7,24.7,0,0
Chinese Grand Prix,LEC,40,2,HARD,22,0.6286,93.433,11,1.96,4.094,33.2,25.5,0,0
Chinese Grand Prix,LEC,41,2,HARD,23,0.6571,93.473,12,4.39,3.233,30.0,28.1,0,0
Chinese Grand Prix,LEC,42,2,HARD,24,0.6857,93.165,19,3.336,2.489,39.4,21.5,0,0
Chinese Grand Prix,LEC,43,2,HARD,25,0.7143,93.262,19,1.466,1.341,36.8,27.5,0,0
Chinese Grand Prix,LEC,44,2,HARD,26,0.7429,93.777,17,2.391,4.86,40.4,27.2,0,0
Chinese Grand Prix,LEC,45,2,HARD,27,0.7714,93.724,12,3.659,4.865,36.5,24.1,0,0
Chinese Grand Prix,LEC,46,2,HARD,28,0.8,94.066,12,1.866,4.023,34.5,25.6,0,0
Chinese Grand Prix,LEC,47,2,HARD,29,0.8286,93.761,3,3.387,1.337,34.5,24.9,0,0
Chinese Grand Prix,LEC,48,2,HARD,30,0.8571,93.721,6,1.771,1.956,35.3,20.6,0,0
Chinese Grand Prix,LEC,49,2,HARD,31,0.8857,93.985,6,0.642,3.481,35.6,26.5,0,0
Chinese Grand Prix,LEC,50,2,HARD,32,0.9143,94.454,8,1.66,2.565,33.2,24.9,0,0
Chinese Grand Prix,LEC,51,2,HARD,33,0.9429,93.906,17,2.845,1.785,33.7,27.6,0,0
Chinese Grand Prix,LEC,52,2,HARD,34,0.9714,94.196,16,1.661,1.187,43.3,27.3,0,0
Chinese Grand Prix,LEC,53,2,HARD,35,1.0,94.131,6,2.918,2.612,37.7,26.4,0,0
Chinese Grand Prix,LEC,54,2,HARD,36,1.0286,94.113,9,4.669,0.544,33.7,21.0,0,0
Chinese Grand Prix,LEC,55,2,HARD,37,1.0571,94.751,4,1.941,4.282,42.5,26.7,0,0
Chinese Grand Prix,LEC,56,2,HARD,38,1.0857,94.902,2,3.573,4.538,35.0,29.4,0,0
Chinese Grand Prix,NOR,1,1,SOFT,1,0.0286,88.844,12,0.637,3.528,42.2,29.3,0,0
Chinese Grand Prix,NOR,2,1,SOFT,2,0.0571,88.575,7,1.66,0.924,34.7,28.8,0,0
Chinese Grand Prix,NOR,3,1,SOFT,3,0.0857,88.938,10,3.029,2.45,36.9,29.7,0,0
Chinese Grand Prix,NOR,4,1,SOFT,4,0.1143,89.053,7,0.775,2.702,42.2,21.0,0,0
Chinese Grand Prix,NOR,5,1,SOFT,5,0.1429,88.544,3,3.402,3.274,33.5,25.4,0,0
Chinese Grand Prix,NOR,6,1,SOFT,6,0.1714,88.858,12,3.95,4.154,42.2,26.4,0,0
Chinese Grand Prix,NOR,7,1,SOFT,7,0.2,88.965,4,1.699,2.319,40.5,20.4,0,0
Chinese Grand Prix,NOR,8,1,SOFT,8,0.2286,88.865,3,1.204,1.625,37.3,27.0,0,0
Chinese Grand Prix,NOR,9,1,SOFT,9,0.2571,89.245,17,4.914,3.403,43.1,26.0,0,0
Chinese Grand Prix,NOR,10,1,SOFT,10,0.2857,89.585,6,1.945,3.09,38.9,23.2,0,0
Chinese Grand Prix,NOR,11,1,SOFT,11,0.3143,89.667,15,3.93,3.122,32.2,28.4,0,0
Chinese Grand Prix,NOR,12,1,SOFT,12,0.3429,89.444,4,4.498,4.331,36.5,27.6,0,0
Chinese Grand Prix,NOR,13,1,SOFT,13,0.3714,89.802,7,2.483,3.544,32.6,25.1,0,0
Chinese Grand Prix,NOR,14,1,SOFT,14,0.4,89.862,12,4.177,4.622,34.5,29.5,0,0
Chinese Grand Prix,NOR,15,1,SOFT,15,0.4286,89.662,2,4.243,0.93,31.7,29.0,0,0
Chinese Grand Prix,NOR,16,1,SOFT,16,0.4571,90.229,19,1.442,4.77,30.9,29.0,0,0
Chinese Grand Prix,NOR,17,1,SOFT,17,0.4857,89.949,13,1.273,2.112,32.9,22.0,0,0
Chinese Grand Prix,NOR,18,1,SOFT,18,0.5143,89.934,9,1.542,4.775,30.4,21.4,0,1
Chinese Grand Prix,NOR,19,1,SOFT,19,0.5429,89.685,2,3.82,2.921,35.3,29.8,1,0
Chinese Grand Prix,NOR,20,2,HARD,1,0.0286,89.6,15,1.478,0.793,41.7,27.6,0,0
Chinese Grand Prix,NOR,21,2,HARD,2,0.0571,89.598,10,2.901,3.631,41.6,20.4,0,0
Chinese Grand Prix,NOR,22,2,HARD,3,0.0857,89.295,18,1.316,2.641,39.8,21.5,0,0
Chinese Grand Prix,NOR,23,2,HARD,4,0.1143,89.579,8,3.365,4.484,40.2,28.2,0,0
Chinese Grand Prix,NOR,24,2,HARD,5,0.1429,89.966,8,0.589,3.607,44.0,27.1,0,0
Chinese Grand Prix,NOR,25,2,HARD,6,0.1714,90.442,10,0.859,1.168,30.3,26.3,0,0
Chinese Grand Prix,NOR,26,2,HARD,7,0.2,89.921,17,2.349,2.172,34.5,21.5,0,0
Chinese Grand Prix,NOR,27,2,HARD,8,0.2286,89.956,18,1.095,1.014,33.6,23.1,0,0
Chinese Grand Prix,NOR,28,2,HARD,9,0.2571,90.048,1,0.669,2.715,43.5,21.9,0,0
Chinese Grand Prix,NOR,29,2,HARD,10,0.2857,90.233,16,4.135,3.694,40.2,25.9,0,0
Chinese Grand Prix,NOR,30,2,HARD,11,0.3143,90.041,4,3.634,3.971,41.9,20.9,0,0
Chinese Grand Prix,NOR,31,2,HARD,12,0.3429,90.677,19,0.924,2.427,44.7,23.3,0,0
Chinese Grand Prix,NOR,32,2,HARD,13,0.3714,90.573,15,2.583,4.952,41.5,29.6,0,0
Chinese Grand Prix,NOR,33,2,HARD,14,0.4,90.528,5,3.679,3.922,37.8,29.2,0,0
Chinese Grand Prix,NOR,34,2,HARD,15,0.4286,90.592,11,2.546,2.716,32.8,26.6,0,0
Chinese Grand Prix,NOR,35,2,HARD,16,0.4571,90.667,8,1.842,1.171,42.4,28.4,0,0
Chinese Grand Prix,NOR,36,2,HARD,17,0.4857,90.793,9,3.81,3.99,42.1,25.7,0,0
Chinese Grand Prix,NOR,37,2,HARD,18,0.5143,91.022,7,3.928,0.98,31.8,26.1,0,0
Chinese Grand Prix,NOR,38,2,HARD,19,0.5429,90.487,17,3.171,1.434,33.9,24.3,0,1
Chinese Grand Prix,NOR,39,2,HARD,20,0.5714,91.159,8,3.257,4.128,36.6,25.5,1,0
Chinese Grand Prix,NOR,40,3,MEDIUM,1,0.0286,89.102,16,0.761,2.952,31.2,28.3,0,0
Chinese Grand Prix,NOR,41,3,MEDIUM,2,0.0571,89.38,19,1.388,4.78,38.1,26.7,0,0
Chinese Grand Prix,NOR,42,3,MEDIUM,3,0.0857,89.086,12,3.681,0.681,38.2,20.9,0,0
Chinese Grand Prix,NOR,43,3,MEDIUM,4,0.1143,89.024,16,2.023,2.548,35.2,26.3,0,0
Chinese Grand Prix,NOR,44,3,MEDIUM,5,0.1429,88.821,11,2.031,1.952,36.4,21.5,0,0
Chinese Grand Prix,NOR,45,3,MEDIUM,6,0.1714,89.159,10,2.069,2.301,43.4,25.0,0,0
Chinese Grand Prix,NOR,46,3,MEDIUM,7,0.2,89.613,17,1.263,2.629,44.6,23.7,0,0
Chinese Grand Prix,NOR,47,3,MEDIUM,8,0.2286,89.561,2,3.209,3.357,30.6,30.0,0,0
Chinese Grand Prix,NOR,48,3,MEDIUM,9,0.2571,89.487,18,4.934,2.032,34.7,29.1,0,0
Chinese Grand Prix,NOR,49,3,MEDIUM,10,0.2857,89.663,11,0.661,3.95,40.1,20.5,0,0
Chinese Grand Prix,NOR,50,3,MEDIUM,11,0.3143,90.036,3,2.858,4.617,44.6,22.6,0,0
Chinese Grand Prix,SAI,1,1,MEDIUM,1,0.0286,89.263,3,4.939,4.603,40.8,21.1,0,0
Chinese Grand Prix,SAI,2,1,MEDIUM,2,0.0571,88.44,16,1.56,1.6,39.3,23.2,0,0
Chinese Grand Prix,SAI,3,1,MEDIUM,3,0.0857,88.55,19,2.504,2.057,36.8,27.5,0,0
Chinese Grand Prix,SAI,4,1,MEDIUM,4,0.1143,88.646,8,4.58,4.815,30.4,29.9,0,0
Chinese Grand Prix,SAI,5,1,MEDIUM,5,0.1429,88.861,15,4.704,3.907,31.6,22.3,0,0
Chinese Grand Prix,SAI,6,1,MEDIUM,6,0.1714,88.646,1,1.193,4.594,44.1,20.1,0,0
Chinese Grand Prix,SAI,7,1,MEDIUM,7,0.2,88.922,5,1.891,2.186,37.0,24.3,0,0
Chinese Grand Prix,SAI,8,1,MEDIUM,8,0.2286,89.752,11,2.535,2.857,44.7,20.6,0,0
Chinese Grand Prix,SAI,9,1,MEDIUM,9,0.2571,89.294,1,3.371,3.146,33.4,26.5,0,0
Chinese Grand Prix,SAI,10,1,MEDIUM,10,0.2857,89.404,15,3.192,1.326,34.3,24.2,0,0
Chinese Grand Prix,SAI,11,1,MEDIUM,11,0.3143,89.276,16,2.864,3.559,41.3,21.7,0,1
Chinese Grand Prix,SAI,12,1,MEDIUM,12,0.3429,89.624,2,3.924,4.329,33.9,24.1,1,0
Chinese Grand Prix,SAI,13,2,HARD,1,0.0286,88.968,16,1.021,2.308,36.9,28.5,0,0
Chinese Grand Prix,SAI,14,2,HARD,2,0.0571,89.154,2,2.065,3.559,33.9,24.3,0,0
Chinese Grand Prix,SAI,15,2,HARD,3,0.0857,89.451,1,1.327,4.736,38.0,28.5,0,0
Chinese Grand Prix,SAI,16,2,HARD,4,0.1143,88.855,8,1.256,1.239,32.0,21.8,0,0
Chinese Grand Prix,SAI,17,2,HARD,5,0.1429,88.948,14,2.581,2.385,41.7,23.5,0,0
Chinese Grand Prix,SAI,18,2,HARD,6,0.1714,89.131,4,3.167,4.691,43.1,26.8,0,0
Chinese Grand Prix,SAI,19,2,HARD,7,0.2,89.46,15,4.258,4.712,44.8,24.0,0,0
Chinese Grand Prix,SAI,20,2,HARD,8,0.2286,89.406,17,3.956,4.338,41.7,26.3,0,0
Chinese Grand Prix,SAI,21,2,HARD,9,0.2571,89.521,7,3.689,2.259,42.6,26.8,0,0
Chinese Grand Prix,SAI,22,2,HARD,10,0.2857,89.74,13,0.593,4.896,31.0,29.0,0,0
Chinese Grand Prix,SAI,23,2,HARD,11,0.3143,90.204,3,2.059,2.162,43.3,24.6,0,0
Chinese Grand Prix,SAI,24,2,HARD,12,0.3429,89.295,8,3.44,1.913,32.9,26.7,0,0
Chinese Grand Prix,SAI,25,2,HARD,13,0.3714,89.945,13,1.919,2.808,33.7,28.6,0,0
Chinese Grand Prix,SAI,26,2,HARD,14,0.4,89.701,17,2.895,3.958,41.4,26.2,0,0
Chinese Grand Prix,SAI,27,2,HARD,15,0.4286,89.854,10,4.777,3.724,37.4,26.4,0,0
Chinese Grand Prix,SAI,28,2,HARD,16,0.4571,89.716,16,2.941,2.17,40.5,24.8,0,0
Chinese Grand Prix,SAI,29,2,HARD,17,0.4857,90.036,5,0.631,0.604,37.7,24.8,0,0
Chinese Grand Prix,SAI,30,2,HARD,18,0.5143,89.842,3,1.986,2.91,32.1,25.4,0,0
Chinese Grand Prix,SAI,31,2,HARD,19,0.5429,90.244,1,2.989,3.419,35.9,25.0,0,0
Chinese Grand Prix,SAI,32,2,HARD,20,0.5714,90.32,16,0.732,2.997,41.7,21.2,0,1
Chinese Grand Prix,SAI,33,2,HARD,21,0.6,90.653,11,0.6,3.725,31.7,27.9,1,0
Chinese Grand Prix,SAI,34,3,MEDIUM,1,0.0286,88.417,4,4.794,2.171,42.4,21.9,0,0
Chinese Grand Prix,SAI,35,3,MEDIUM,2,0.0571,88.361,7,4.299,4.131,39.4,22.7,0,0
Chinese Grand Prix,SAI,36,3,MEDIUM,3,0.0857,88.531,14,3.398,4.975,30.2,25.4,0,0
Chinese Grand Prix,SAI,37,3,MEDIUM,4,0.1143,88.68,6,2.086,3.509,35.8,22.6,0,0
Chinese Grand Prix,SAI,38,3,MEDIUM,5,0.1429,89.168,6,2.339,0.737,38.3,23.1,0,0
Chinese Grand Prix,SAI,39,3,MEDIUM,6,0.1714,88.832,2,4.946,2.473,31.0,29.6,0,0
Chinese Grand Prix,SAI,40,3,MEDIUM,7,0.2,88.901,16,2.055,2.175,39.1,22.7,0,0
Chinese Grand Prix,SAI,41,3,MEDIUM,8,0.2286,89.421,14,1.188,0.986,38.0,25.6,0,0
Chinese Grand Prix,SAI,42,3,MEDIUM,9,0.2571,88.89,7,0.583,0.779,43.3,28.7,0,0
Chinese Grand Prix,SAI,43,3,MEDIUM,10,0.2857,89.314,14,2.438,2.018,39.8,29.3,0,0
Chinese Grand Prix,SAI,44,3,MEDIUM,11,0.3143,89.486,15,2.558,2.979,31.6,29.9,0,0
Chinese Grand Prix,SAI,45,3,MEDIUM,12,0.3429,89.307,19,2.344,2.713,43.1,23.0,0,0
Chinese Grand Prix,SAI,46,3,MEDIUM,13,0.3714,89.458,16,3.927,2.739,34.1,26.8,0,0
Chinese Grand Prix,SAI,47,3,MEDIUM,14,0.4,89.54,5,4.9,2.784,38.3,27.1,0,0
Chinese Grand Prix,SAI,48,3,MEDIUM,15,0.4286,89.269,5,4.408,2.624,37.7,28.4,0,0
Chinese Grand Prix,SAI,49,3,MEDIUM,16,0.4571,89.713,14,4.235,3.466,41.0,29.4,0,0
Chinese Grand Prix,SAI,50,3,MEDIUM,17,0.4857,89.464,8,2.501,3.987,41.1,25.4,0,0
Chinese Grand Prix,SAI,51,3,MEDIUM,18,0.5143,90.277,11,4.667,2.55,35.5,26.3,0,0
Chinese Grand Prix,SAI,52,3,MEDIUM,19,0.5429,89.706,4,1.514,4.884,35.9,29.1,0,0
Chinese Grand Prix,SAI,53,3,MEDIUM,20,0.5714,90.216,5,4.142,4.732,32.1,20.7,0,0
Chinese Grand Prix,SAI,54,3,MEDIUM,21,0.6,89.695,5,1.09,2.044,40.1,21.0,0,0
Chinese Grand Prix,SAI,55,3,MEDIUM,22,0.6286,90.335,11,2.756,1.576,38.9,24.4,0,0
Chinese Grand Prix,SAI,56,3,MEDIUM,23,0.6571,89.779,19,1.486,2.742,42.4,28.2,0,0
Chinese Grand Prix,SAI,57,3,MEDIUM,24,0.6857,90.174,17,2.271,1.093,37.6,26.9,0,0
Chinese Grand Prix,PER,1,1,SOFT,1,0.0286,89.583,4,3.657,2.456,36.3,27.6,0,0
Chinese Grand Prix,PER,2,1,SOFT,2,0.0571,90.184,2,2.024,1.509,35.4,22.3,0,0
Chinese Grand Prix,PER,3,1,SOFT,3,0.0857,90.379,13,1.92,1.47,38.9,20.7,0,0
Chinese Grand Prix,PER,4,1,SOFT,4,0.1143,90.213,19,3.664,2.097,43.4,25.0,0,0
Chinese Grand Prix,PER,5,1,SOFT,5,0.1429,89.91,7,3.146,4.291,34.3,25.8,0,0
Chinese Grand Prix,PER,6,1,SOFT,6,0.1714,90.43,16,1.18,1.804,33.5,29.2,0,0
Chinese Grand Prix,PER,7,1,SOFT,7,0.2,90.149,8,2.869,1.627,31.7,28.8,0,0
Chinese Grand Prix,PER,8,1,SOFT,8,0.2286,90.724,8,3.232,0.602,44.0,26.9,0,0
Chinese Grand Prix,PER,9,1,SOFT,9,0.2571,90.612,9,4.736,2.723,31.3,28.7,0,0
Chinese Grand Prix,PER,10,1,SOFT,10,0.2857,90.269,12,4.76,4.642,40.3,24.7,0,0
Chinese Grand Prix,PER,11,1,SOFT,11,0.3143,90.377,6,2.275,0.811,35.2,21.9,0,0
Chinese Grand Prix,PER,12,1,SOFT,12,0.3429,90.797,8,0.632,1.814,38.2,22.8,0,0
Chinese Grand Prix,PER,13,1,SOFT,13,0.3714,90.594,15,1.809,4.654,34.9,27.8,0,0
Chinese Grand Prix,PER,14,1,SOFT,14,0.4,90.956,1,4.013,2.137,41.0,25.1,0,0
Chinese Grand Prix,PER,15,1,SOFT,15,0.4286,91.107,5,0.796,1.621,38.6,20.2,0,0
Chinese Grand Prix,PER,16,1,SOFT,16,0.4571,91.144,10,2.561,1.074,36.5,21.3,0,0
Chinese Grand Prix,PER,17,1,SOFT,17,0.4857,91.887,2,4.67,3.434,43.7,28.3,0,1
Chinese Grand Prix,PER,18,1,SOFT,18,0.5143,91.273,19,2.102,1.585,33.3,29.5,1,0
Chinese Grand Prix,PER,19,2,HARD,1,0.0286,91.262,7,1.853,3.071,32.2,27.8,0,0
Chinese Grand Prix,PER,20,2,HARD,2,0.0571,90.815,6,3.72,4.501,42.5,26.1,0,0
Chinese Grand Prix,PER,21,2,HARD,3,0.0857,90.861,15,4.725,3.233,32.4,25.0,0,0
Chinese Grand Prix,PER,22,2,HARD,4,0.1143,90.311,3,1.995,2.351,39.0,30.0,0,0
Chinese Grand Prix,PER,23,2,HARD,5,0.1429,90.636,2,3.371,4.333,35.4,21.5,0,0
Chinese Grand Prix,PER,24,2,HARD,6,0.1714,91.074,11,2.957,4.288,32.6,23.2,0,0
Chinese Grand Prix,PER,25,2,HARD,7,0.2,91.201,1,2.651,2.97,33.0,25.5,0,0
Chinese Grand Prix,PER,26,2,HARD,8,0.2286,91.485,6,1.3,0.731,40.2,22.5,0,0
Chinese Grand Prix,PER,27,2,HARD,9,0.2571,91.743,13,4.643,2.488,41.1,25.5,0,0
Chinese Grand Prix,PER,28,2,HARD,10,0.2857,91.403,19,3.52,4.811,41.5,26.0,0,0
Chinese Grand Prix,PER,29,2,HARD,11,0.3143,91.691,17,1.367,3.598,34.1,28.3,0,0
Chinese Grand Prix,PER,30,2,HARD,12,0.3429,91.696,1,4.661,0.966,38.1,23.1,0,0
Chinese Grand Prix,PER,31,2,HARD,13,0.3714,91.854,10,2.148,3.404,44.2,20.4,0,0
Chinese Grand Prix,PER,32,2,HARD,14,0.4,91.393,4,3.573,4.565,33.5,20.9,0,0
Chinese Grand Prix,PER,33,2,HARD,15,0.4286,91.949,7,2.608,3.482,41.5,24.5,0,0
Chinese Grand Prix,PER,34,2,HARD,16,0.4571,91.643,4,3.991,0.878,43.4,24.7,0,0
Chinese Grand Prix,PER,35,2,HARD,17,0.4857,91.808,3,4.395,1.179,30.2,21.1,0,0
Chinese Grand Prix,PER,36,2,HARD,18,0.5143,92.148,7,0.914,1.579,31.5,26.9,0,0
Chinese Grand Prix,PER,37,2,HARD,19,0.5429,92.144,17,2.143,2.19,37.5,20.8,0,0
Chinese Grand Prix,PER,38,2,HARD,20,0.5714,92.12,12,0.626,4.693,37.8,20.4,0,0
Chinese Grand Prix,PER,39,2,HARD,21,0.6,92.134,5,4.473,3.075,43.0,24.7,0,0
Chinese Grand Prix,PER,40,2,HARD,22,0.6286,92.307,18,2.996,1.066,36.7,25.7,0,0
Chinese Grand Prix,PER,41,2,HARD,23,0.6571,92.036,6,2.557,2.301,38.9,24.9,0,0
Chinese Grand Prix,PER,42,2,HARD,24,0.6857,92.843,12,3.016,3.513,30.4,24.7,0,0
Chinese Grand Prix,PER,43,2,HARD,25,0.7143,92.872,3,2.868,1.076,37.1,25.6,0,0
Chinese Grand Prix,PER,44,2,HARD,26,0.7429,92.728,11,3.944,3.849,43.6,20.1,0,0
Chinese Grand Prix,PER,45,2,HARD,27,0.7714,92.907,5,4.525,0.757,39.0,25.7,0,0
Chinese Grand Prix,PER,46,2,HARD,28,0.8,92.719,6,1.002,2.485,35.3,22.2,0,0
Chinese Grand Prix,PER,47,2,HARD,29,0.8286,93.036,7,4.361,2.041,34.0,29.8,0,0
Chinese Grand Prix,PER,48,2,HARD,30,0.8571,93.039,14,4.849,2.13,39.8,26.6,0,0
Chinese Grand Prix,PER,49,2,HARD,31,0.8857,92.668,14,4.187,3.698,44.7,27.1,0,0
Chinese Grand Prix,PER,50,2,HARD,32,0.9143,92.945,16,3.645,4.998,40.7,27.6,0,0
Chinese Grand Prix,PER,51,2,HARD,33,0.9429,93.44,17,2.181,3.843,37.4,24.3,0,0
Chinese Grand Prix,PER,52,2,HARD,34,0.9714,93.438,17,3.202,1.659,35.0,24.4,0,0
Chinese Grand Prix,PER,53,2,HARD,35,1.0,92.769,2,1.066,2.639,41.3,23.8,0,0
Chinese Grand Prix,PER,54,2,HARD,36,1.0286,93.849,19,3.119,4.038,32.5,21.1,0,0
Chinese Grand Prix,PER,55,2,HARD,37,1.0571,93.355,7,4.669,0.882,34.1,27.7,0,0
Chinese Grand Prix,PER,56,2,HARD,38,1.0857,93.91,4,3.018,1.248,34.2,25.2,0,0
Chinese Grand Prix,PER,57,2,HARD,39,1.1143,93.501,16,2.407,2.799,33.2,25.5,0,0
Chinese Grand Prix,RUS,1,1,SOFT,1,0.0286,88.904,3,4.181,4.608,33.0,25.4,0,0
Chinese Grand Prix,RUS,2,1,SOFT,2,0.0571,89.243,7,2.334,1.526,32.4,26.2,0,0
Chinese Grand Prix,RUS,3,1,SOFT,3,0.0857,89.793,19,1.103,0.898,43.6,25.4,0,0
Chinese Grand Prix,RUS,4,1,SOFT,4,0.1143,89.951,10,0.939,1.582,36.1,28.7,0,0
Chinese Grand Prix,RUS,5,1,SOFT,5,0.1429,89.822,9,4.967,4.816,30.1,20.5,0,0
Chinese Grand Prix,RUS,6,1,SOFT,6,0.1714,89.373,19,2.404,2.863,38.3,23.9,0,0
Chinese Grand Prix,RUS,7,1,SOFT,7,0.2,89.317,8,0.966,2.56,35.6,25.8,0,0
Chinese Grand Prix,RUS,8,1,SOFT,8,0.2286,89.552,13,2.372,4.031,43.7,27.1,0,0
Chinese Grand Prix,RUS,9,1,SOFT,9,0.2571,89.704,7,1.352,4.136,33.9,28.0,0,0
Chinese Grand Prix,RUS,10,1,SOFT,10,0.2857,89.442,1,3.248,4.851,40.1,23.6,0,0
Chinese Grand Prix,RUS,11,1,SOFT,11,0.3143,89.894,18,4.101,3.388,40.0,28.3,0,0
Chinese Grand Prix,RUS,12,1,SOFT,12,0.3429,89.672,12,1.2,0.832,41.1,28.0,0,0
Chinese Grand Prix,RUS,13,1,SOFT,13,0.3714,90.646,6,0.502,3.237,35.4,27.5,0,0
Chinese Grand Prix,RUS,14,1,SOFT,14,0.4,90.049,18,3.428,2.103,44.5,29.4,0,0
Chinese Grand Prix,RUS,15,1,SOFT,15,0.4286,89.61,11,2.273,2.928,31.3,27.4,0,0
Chinese Grand Prix,RUS,16,1,SOFT,16,0.4571,90.15,9,2.05,3.417,35.9,28.9,0,0
Chinese Grand Prix,RUS,17,1,SOFT,17,0.4857,89.733,10,1.966,4.035,43.5,22.2,0,0
Chinese Grand Prix,RUS,18,1,SOFT,18,0.5143,90.091,16,2.655,1.527,35.7,26.5,0,0
Chinese Grand Prix,RUS,19,1,SOFT,19,0.5429,90.913,5,2.964,2.068,36.5,23.4,0,0
Chinese Grand Prix,RUS,20,1,SOFT,20,0.5714,90.725,3,1.23,0.556,32.6,28.4,0,0
Chinese Grand Prix,RUS,21,1,SOFT,21,0.6,90.171,19,0.633,2.214,36.1,24.9,0,0
Chinese Grand Prix,RUS,22,1,SOFT,22,0.6286,90.472,4,4.516,1.522,38.3,26.4,0,1
Chinese Grand Prix,RUS,23,1,SOFT,23,0.6571,91.2,12,4.893,2.697,30.9,29.4,1,0
Chinese Grand Prix,RUS,24,2,HARD,1,0.0286,90.293,2,4.256,0.649,34.0,24.7,0,0
Chinese Grand Prix,RUS,25,2,HARD,2,0.0571,90.136,12,2.022,2.017,30.5,21.5,0,0
Chinese Grand Prix,RUS,26,2,HARD,3,0.0857,90.052,15,0.555,2.699,39.7,29.2,0,0
Chinese Grand Prix,RUS,27,2,HARD,4,0.1143,90.178,6,2.894,1.463,39.4,25.1,0,0
Chinese Grand Prix,RUS,28,2,HARD,5,0.1429,89.756,4,1.114,0.871,42.6,20.1,0,0
Chinese Grand Prix,RUS,29,2,HARD,6,0.1714,90.938,2,3.766,1.464,41.7,21.5,0,0
Chinese Grand Prix,RUS,30,2,HARD,7,0.2,90.72,15,4.267,3.399,36.0,24.2,0,0
Chinese Grand Prix,RUS,31,2,HARD,8,0.2286,90.401,18,4.235,1.402,43.3,23.2,0,0
Chinese Grand Prix,RUS,32,2,HARD,9,0.2571,90.557,12,0.647,2.181,39.5,25.2,0,0
Chinese Grand Prix,RUS,33,2,HARD,10,0.2857,90.715,8,4.139,4.641,36.4,23.7,0,0
Chinese Grand Prix,RUS,34,2,HARD,11,0.3143,90.708,3,1.188,4.302,32.9,29.3,0,0
Chinese Grand Prix,RUS,35,2,HARD,12,0.3429,91.106,1,2.465,4.349,32.7,25.3,0,0
Chinese Grand Prix,RUS,36,2,HARD,13,0.3714,90.617,10,4.473,1.883,40.4,27.5,0,0
Chinese Grand Prix,RUS,37,2,HARD,14,0.4,90.831,15,2.303,2.673,35.3,23.2,0,0
Chinese Grand Prix,RUS,38,2,HARD,15,0.4286,90.734,13,0.913,3.286,32.5,20.8,0,0
Chinese Grand Prix,RUS,39,2,HARD,16,0.4571,91.245,4,4.39,1.785,39.2,29.8,0,0
Chinese Grand Prix,RUS,40,2,HARD,17,0.4857,91.544,9,2.263,2.144,38.1,29.6,0,0
Chinese Grand Prix,RUS,41,2,HARD,18,0.5143,91.4,16,0.603,4.38,32.4,25.1,0,0
Chinese Grand Prix,RUS,42,2,HARD,19,0.5429,91.065,9,1.966,4.817,44.2,20.1,0,0
Chinese Grand Prix,RUS,43,2,HARD,20,0.5714,91.965,10,2.718,3.078,32.5,28.9,0,0
Chinese Grand Prix,RUS,44,2,HARD,21,0.6,91.306,10,4.638,3.663,41.5,23.8,0,0
Chinese Grand Prix,RUS,45,2,HARD,22,0.6286,91.409,12,1.822,4.227,39.6,29.0,0,0
Chinese Grand Prix,RUS,46,2,HARD,23,0.6571,91.976,5,0.746,3.992,39.2,20.7,0,0
Chinese Grand Prix,RUS,47,2,HARD,24,0.6857,91.898,17,0.871,3.812,38.2,29.5,0,0
Chinese Grand Prix,RUS,48,2,HARD,25,0.7143,91.895,18,3.263,3.752,40.8,28.2,0,0
Chinese Grand Prix,RUS,49,2,HARD,26,0.7429,91.573,9,1.987,2.922,43.8,25.4,0,0
Chinese Grand Prix,RUS,50,2,HARD,27,0.7714,91.717,12,3.292,2.569,32.9,23.0,0,0
Chinese Grand Prix,RUS,51,2,HARD,28,0.8,92.376,13,0.761,4.353,44.4,26.9,0,0
Chinese Grand Prix,RUS,52,2,HARD,29,0.8286,92.254,10,2.141,3.415,33.5,25.6,0,0
Chinese Grand Prix,RUS,53,2,HARD,30,0.8571,92.151,11,1.338,1.814,41.7,28.9,0,0
Chinese Grand Prix,RUS,54,2,HARD,31,0.8857,92.206,6,2.876,1.799,42.2,22.9,0,0
Chinese Grand Prix,RUS,55,2,HARD,32,0.9143,92.793,11,0.529,4.954,35.5,28.5,0,0
Chinese Grand Prix,RUS,56,2,HARD,33,0.9429,92.163,18,3.694,2.873,37.7,20.9,0,0
Chinese Grand Prix,PIA,1,1,SOFT,1,0.0286,89.16,16,1.78,3.443,38.0,26.0,0,0
Chinese Grand Prix,PIA,2,1,SOFT,2,0.0571,88.793,14,2.7,3.496,35.6,29.4,0,0
Chinese Grand Prix,PIA,3,1,SOFT,3,0.0857,89.117,2,1.591,1.259,35.9,27.7,0,0
Chinese Grand Prix,PIA,4,1,SOFT,4,0.1143,89.346,12,2.617,1.829,41.1,28.0,0,0
Chinese Grand Prix,PIA,5,1,SOFT,5,0.1429,89.623,13,2.873,1.487,42.0,22.1,0,0
Chinese Grand Prix,PIA,6,1,SOFT,6,0.1714,89.313,4,1.328,4.795,41.1,27.3,0,0
Chinese Grand Prix,PIA,7,1,SOFT,7,0.2,89.421,15,4.529,2.497,39.9,29.6,0,0
Chinese Grand Prix,PIA,8,1,SOFT,8,0.2286,89.684,14,2.748,1.635,43.7,24.0,0,0
Chinese Grand Prix,PIA,9,1,SOFT,9,0.2571,89.539,10,2.979,0.998,34.3,22.1,0,0
Chinese Grand Prix,PIA,10,1,SOFT,10,0.2857,89.629,12,3.456,3.246,40.6,26.6,0,0
Chinese Grand Prix,PIA,11,1,SOFT,11,0.3143,89.874,2,2.414,1.072,34.4,25.7,0,0
Chinese Grand Prix,PIA,12,1,SOFT,12,0.3429,89.89,19,4.85,3.174,42.0,22.6,0,0
Chinese Grand Prix,PIA,13,1,SOFT,13,0.3714,90.611,8,4.028,3.586,40.2,25.5,0,0
Chinese Grand Prix,PIA,14,1,SOFT,14,0.4,90.583,18,3.067,4.988,44.7,25.4,0,1
Chinese Grand Prix,PIA,15,1,SOFT,15,0.4286,90.364,5,2.58,2.428,38.0,22.7,1,0
Chinese Grand Prix,PIA,16,2,HARD,1,0.0286,89.929,3,2.585,1.958,39.1,28.8,0,0
Chinese Grand Prix,PIA,17,2,HARD,2,0.0571,90.213,6,0.988,2.428,37.0,29.8,0,0
Chinese Grand Prix,PIA,18,2,HARD,3,0.0857,89.873,4,3.35,1.245,36.1,29.0,0,0
Chinese Grand Prix,PIA,19,2,HARD,4,0.1143,90.598,16,3.484,1.42,36.2,25.4,0,0
Chinese Grand Prix,PIA,20,2,HARD,5,0.1429,90.72,6,1.378,1.145,30.4,22.4,0,0
Chinese Grand Prix,PIA,21,2,HARD,6,0.1714,90.685,8,4.267,1.397,33.0,20.4,0,0
Chinese Grand Prix,PIA,22,2,HARD,7,0.2,90.341,1,0.993,2.705,35.7,26.9,0,0
Chinese Grand Prix,PIA,23,2,HARD,8,0.2286,89.935,16,0.645,3.285,30.8,26.2,0,0
Chinese Grand Prix,PIA,24,2,HARD,9,0.2571,90.324,17,2.871,2.185,44.8,23.0,0,0
Chinese Grand Prix,PIA,25,2,HARD,10,0.2857,90.807,14,4.617,1.943,42.3,20.1,0,0
Chinese Grand Prix,PIA,26,2,HARD,11,0.3143,90.919,3,1.031,1.544,43.6,21.8,0,0
Chinese Grand Prix,PIA,27,2,HARD,12,0.3429,90.982,3,1.712,3.441,34.4,25.9,0,0
Chinese Grand Prix,PIA,28,2,HARD,13,0.3714,90.657,9,2.755,3.639,31.1,29.4,0,0
Chinese Grand Prix,PIA,29,2,HARD,14,0.4,91.04,16,1.45,2.446,36.3,20.4,0,0
Chinese Grand Prix,PIA,30,2,HARD,15,0.4286,91.361,5,1.547,0.657,41.9,26.0,0,0
Chinese Grand Prix,PIA,31,2,HARD,16,0.4571,91.685,8,0.655,3.44,32.6,29.3,0,0
Chinese Grand Prix,PIA,32,2,HARD,17,0.4857,91.499,19,3.954,0.821,43.8,20.5,0,0
Chinese Grand Prix,PIA,33,2,HARD,18,0.5143,91.55,15,3.9,3.086,30.7,24.1,0,0
Chinese Grand Prix,PIA,34,2,HARD,19,0.5429,91.251,10,2.778,2.134,33.9,27.5,0,0
Chinese Grand Prix,PIA,35,2,HARD,20,0.5714,91.177,2,2.427,2.317,40.7,29.2,0,1
Chinese Grand Prix,PIA,36,2,HARD,21,0.6,91.447,9,0.773,0.93,30.6,24.6,1,0
Chinese Grand Prix,PIA,37,3,MEDIUM,1,0.0286,90.047,4,3.281,3.494,44.4,21.5,0,0
Chinese Grand Prix,PIA,38,3,MEDIUM,2,0.0571,89.86,17,1.817,2.983,31.0,21.4,0,0
Chinese Grand Prix,PIA,39,3,MEDIUM,3,0.0857,89.665,7,2.518,3.456,41.2,24.5,0,0
Chinese Grand Prix,PIA,40,3,MEDIUM,4,0.1143,89.795,1,3.731,4.599,35.2,21.0,0,0
Chinese Grand Prix,PIA,41,3,MEDIUM,5,0.1429,89.823,4,3.392,0.649,45.0,21.0,0,0
Chinese Grand Prix,PIA,42,3,MEDIUM,6,0.1714,89.654,15,3.747,1.962,41.8,23.4,0,0
Chinese Grand Prix,PIA,43,3,MEDIUM,7,0.2,90.221,3,4.817,4.094,36.9,22.0,0,0
Chinese Grand Prix,PIA,44,3,MEDIUM,8,0.2286,89.991,3,3.266,4.417,40.4,22.4,0,0
Chinese Grand Prix,PIA,45,3,MEDIUM,9,0.2571,90.267,17,1.744,3.059,36.8,24.3,0,0
Chinese Grand Prix,PIA,46,3,MEDIUM,10,0.2857,90.149,18,2.05,3.489,43.5,27.3,0,0
Chinese Grand Prix,PIA,47,3,MEDIUM,11,0.3143,90.262,18,2.219,4.601,34.2,22.1,0,0
Chinese Grand Prix,PIA,48,3,MEDIUM,12,0.3429,90.767,5,4.162,4.158,38.8,27.6,0,0
Chinese Grand Prix,PIA,49,3,MEDIUM,13,0.3714,90.175,6,0.828,3.788,34.5,24.5,0,0
Chinese Grand Prix,PIA,50,3,MEDIUM,14,0.4,90.638,15,3.345,2.063,37.2,27.5,0,0
Chinese Grand Prix,PIA,51,3,MEDIUM,15,0.4286,90.575,19,3.094,4.703,34.8,23.7,0,0
Chinese Grand Prix,PIA,52,3,MEDIUM,16,0.4571,90.761,11,3.981,1.174,36.7,21.8,0,0
Chinese Grand Prix,PIA,53,3,MEDIUM,17,0.4857,90.678,2,2.344,1.635,36.0,21.4,0,0
Chinese Grand Prix,ALO,1,1,SOFT,1,0.0286,88.429,16,0.921,1.32,44.6,25.1,0,0
Chinese Grand Prix,ALO,2,1,SOFT,2,0.0571,88.555,5,4.435,2.038,34.9,20.4,0,0
Chinese Grand Prix,ALO,3,1,SOFT,3,0.0857,88.7,12,4.584,1.255,30.1,20.7,0,0
Chinese Grand Prix,ALO,4,1,SOFT,4,0.1143,89.185,17,4.088,2.217,34.3,22.9,0,0
Chinese Grand Prix,ALO,5,1,SOFT,5,0.1429,88.715,2,2.072,2.803,44.0,20.4,0,0
Chinese Grand Prix,ALO,6,1,SOFT,6,0.1714,88.272,14,3.167,2.688,41.1,27.4,0,0
Chinese Grand Prix,ALO,7,1,SOFT,7,0.2,88.644,9,1.121,4.918,35.5,26.3,0,0
Chinese Grand Prix,ALO,8,1,SOFT,8,0.2286,88.929,17,3.316,1.612,33.7,29.6,0,0
Chinese Grand Prix,ALO,9,1,SOFT,9,0.2571,88.939,4,0.971,4.263,36.1,22.6,0,0
Chinese Grand Prix,ALO,10,1,SOFT,10,0.2857,89.128,7,0.977,3.286,39.3,20.4,0,0
Chinese Grand Prix,ALO,11,1,SOFT,11,0.3143,89.049,13,0.566,4.457,32.3,28.6,0,0
Chinese Grand Prix,ALO,12,1,SOFT,12,0.3429,88.887,13,0.676,1.971,43.3,20.3,0,0
Chinese Grand Prix,ALO,13,1,SOFT,13,0.3714,89.274,9,2.211,3.047,40.6,27.4,0,0
Chinese Grand Prix,ALO,14,1,SOFT,14,0.4,89.437,3,1.732,3.152,32.1,22.6,0,0
Chinese Grand Prix,ALO,15,1,SOFT,15,0.4286,89.148,6,4.711,4.645,30.8,21.7,0,0
Chinese Grand Prix,ALO,16,1,SOFT,16,0.4571,89.687,12,2.006,1.938,32.3,28.1,0,0
Chinese Grand Prix,ALO,17,1,SOFT,17,0.4857,89.674,18,4.912,4.633,40.7,24.3,0,0
Chinese Grand Prix,ALO,18,1,SOFT,18,0.5143,90.181,2,1.694,3.504,35.4,25.4,0,1
Chinese Grand Prix,ALO,19,1,SOFT,19,0.5429,89.263,2,3.129,2.242,30.5,24.0,1,0
Chinese Grand Prix,ALO,20,2,HARD,1,0.0286,89.156,10,4.35,2.602,42.5,21.8,0,0
Chinese Grand Prix,ALO,21,2,HARD,2,0.0571,89.41,5,1.581,4.805,41.2,25.7,0,0
Chinese Grand Prix,ALO,22,2,HARD,3,0.0857,89.135,7,1.939,3.849,38.0,26.1,0,0
Chinese Grand Prix,ALO,23,2,HARD,4,0.1143,89.564,10,0.98,3.34,38.5,28.9,0,0
Chinese Grand Prix,ALO,24,2,HARD,5,0.1429,89.514,7,4.572,0.52,30.0,24.7,0,0
Chinese Grand Prix,ALO,25,2,HARD,6,0.1714,89.581,15,4.08,1.96,42.9,26.1,0,0
Chinese Grand Prix,ALO,26,2,HARD,7,0.2,89.318,14,2.355,1.561,42.5,26.2,0,0
Chinese Grand Prix,ALO,27,2,HARD,8,0.2286,89.724,8,2.485,4.141,37.6,27.0,0,0
Chinese Grand Prix,ALO,28,2,HARD,9,0.2571,89.636,6,1.236,1.651,33.7,29.6,0,0
Chinese Grand Prix,ALO,29,2,HARD,10,0.2857,89.909,4,3.876,2.966,35.7,28.1,0,0
Chinese Grand Prix,ALO,30,2,HARD,11,0.3143,89.839,6,1.893,0.638,32.3,25.6,0,0
Chinese Grand Prix,ALO,31,2,HARD,12,0.3429,90.22,7,3.377,4.65,32.3,25.7,0,0
Chinese Grand Prix,ALO,32,2,HARD,13,0.3714,90.002,4,4.981,4.087,35.1,29.0,0,0
Chinese Grand Prix,ALO,33,2,HARD,14,0.4,90.148,8,1.046,1.767,30.8,26.9,0,1
Chinese Grand Prix,ALO,34,2,HARD,15,0.4286,90.624,3,4.707,1.655,39.2,23.2,1,0
Chinese Grand Prix,ALO,35,3,MEDIUM,1,0.0286,89.043,5,1.292,1.692,31.1,27.8,0,0
Chinese Grand Prix,ALO,36,3,MEDIUM,2,0.0571,88.969,10,2.132,1.063,32.2,28.9,0,0
Chinese Grand Prix,ALO,37,3,MEDIUM,3,0.0857,88.964,6,3.405,4.758,34.2,26.0,0,0
Chinese Grand Prix,ALO,38,3,MEDIUM,4,0.1143,88.768,11,1.973,3.658,36.6,22.9,0,0
Chinese Grand Prix,ALO,39,3,MEDIUM,5,0.1429,89.162,7,3.405,0.701,38.1,20.2,0,0
Chinese Grand Prix,ALO,40,3,MEDIUM,6,0.1714,88.919,8,4.32,4.002,40.9,27.0,0,0
Chinese Grand Prix,ALO,41,3,MEDIUM,7,0.2,89.126,16,4.992,4.214,43.3,29.4,0,0
Chinese Grand Prix,ALO,42,3,MEDIUM,8,0.2286,89.402,17,1.837,1.553,42.5,26.8,0,0
Chinese Grand Prix,ALO,43,3,MEDIUM,9,0.2571,89.303,4,2.989,2.916,40.8,22.1,0,0
Chinese Grand Prix,ALO,44,3,MEDIUM,10,0.2857,89.205,10,3.434,1.808,44.6,24.5,0,0
Chinese Grand Prix,ALO,45,3,MEDIUM,11,0.3143,89.702,7,1.169,2.403,44.5,24.1,0,0
Chinese Grand Prix,ALO,46,3,MEDIUM,12,0.3429,89.524,3,4.841,2.654,31.6,27.9,0,0
Chinese Grand Prix,ALO,47,3,MEDIUM,13,0.3714,89.528,2,4.891,3.01,38.5,23.0,0,0
Chinese Grand Prix,ALO,48,3,MEDIUM,14,0.4,90.198,4,1.184,2.271,30.8,24.3,0,0
Chinese Grand Prix,ALO,49,3,MEDIUM,15,0.4286,90.01,4,3.208,3.239,35.8,24.2,0,0
Chinese Grand Prix,ALO,50,3,MEDIUM,16,0.4571,90.388,9,3.365,1.532,36.3,28.0,0,0
Chinese Grand Prix,ALO,51,3,MEDIUM,17,0.4857,89.633,8,4.331,4.741,45.0,22.8,0,0
Chinese Grand Prix,STR,1,1,SOFT,1,0.0286,88.8,19,4.593,2.523,34.2,21.4,0,0
Chinese Grand Prix,STR,2,1,SOFT,2,0.0571,88.503,8,2.22,4.25,35.2,20.3,0,0
Chinese Grand Prix,STR,3,1,SOFT,3,0.0857,89.15,14,4.694,3.326,44.9,25.4,0,0
Chinese Grand Prix,STR,4,1,SOFT,4,0.1143,88.889,1,2.069,3.127,43.1,22.7,0,0
Chinese Grand Prix,STR,5,1,SOFT,5,0.1429,89.059,8,4.889,4.978,31.1,29.4,0,0
Chinese Grand Prix,STR,6,1,SOFT,6,0.1714,89.362,9,3.169,2.954,33.7,28.9,0,0
Chinese Grand Prix,STR,7,1,SOFT,7,0.2,88.909,8,1.967,3.405,32.0,27.2,0,0
Chinese Grand Prix,STR,8,1,SOFT,8,0.2286,89.178,17,1.308,2.447,35.1,29.5,0,0
Chinese Grand Prix,STR,9,1,SOFT,9,0.2571,89.586,19,2.622,4.721,41.8,29.6,0,0
Chinese Grand Prix,STR,10,1,SOFT,10,0.2857,89.027,6,1.812,1.241,40.6,26.4,0,0
Chinese Grand Prix,STR,11,1,SOFT,11,0.3143,89.772,5,4.829,4.357,30.9,26.6,0,0
Chinese Grand Prix,STR,12,1,SOFT,12,0.3429,89.314,19,3.607,0.707,35.1,24.1,0,0
Chinese Grand Prix,STR,13,1,SOFT,13,0.3714,89.565,10,3.796,2.127,40.4,20.1,0,0
Chinese Grand Prix,STR,14,1,SOFT,14,0.4,89.453,9,3.737,2.476,41.8,29.2,0,1
Chinese Grand Prix,STR,15,1,SOFT,15,0.4286,89.542,17,3.215,2.361,35.6,25.6,1,0
Chinese Grand Prix,STR,16,2,HARD,1,0.0286,89.387,19,3.33,4.054,32.6,22.1,0,0
Chinese Grand Prix,STR,17,2,HARD,2,0.0571,89.849,11,4.478,2.983,39.2,29.1,0,0
Chinese Grand Prix,STR,18,2,HARD,3,0.0857,89.917,6,1.314,3.41,44.9,26.2,0,0
Chinese Grand Prix,STR,19,2,HARD,4,0.1143,90.022,4,3.684,1.11,42.3,27.4,0,0
Chinese Grand Prix,STR,20,2,HARD,5,0.1429,89.646,17,0.938,1.641,39.9,26.7,0,0
Chinese Grand Prix,STR,21,2,HARD,6,0.1714,90.094,7,2.37,3.34,35.8,23.4,0,0
Chinese Grand Prix,STR,22,2,HARD,7,0.2,90.287,16,3.57,2.483,41.9,28.6,0,0
Chinese Grand Prix,STR,23,2,HARD,8,0.2286,90.509,19,1.596,1.372,37.5,24.3,0,0
Chinese Grand Prix,STR,24,2,HARD,9,0.2571,89.922,19,4.778,4.085,32.9,22.9,0,0
Chinese Grand Prix,STR,25,2,HARD,10,0.2857,90.432,8,4.577,1.555,33.0,20.1,0,0
Chinese Grand Prix,STR,26,2,HARD,11,0.3143,90.392,2,1.825,3.011,43.9,21.0,0,0
Chinese Grand Prix,STR,27,2,HARD,12,0.3429,90.428,4,2.051,2.075,38.1,23.8,0,0
Chinese Grand Prix,STR,28,2,HARD,13,0.3714,90.677,18,2.85,2.12,30.2,25.6,0,0
Chinese Grand Prix,STR,29,2,HARD,14,0.4,90.761,1,0.86,3.9,30.1,29.6,0,0
Chinese Grand Prix,STR,30,2,HARD,15,0.4286,90.722,10,3.126,2.072,42.7,23.6,0,0
Chinese Grand Prix,STR,31,2,HARD,16,0.4571,90.713,17,0.65,2.114,41.2,29.5,0,0
Chinese Grand Prix,STR,32,2,HARD,17,0.4857,91.025,16,2.444,0.755,38.8,27.6,0,0
Chinese Grand Prix,STR,33,2,HARD,18,0.5143,90.793,1,2.391,0.897,33.0,21.5,0,0
Chinese Grand Prix,STR,34,2,HARD,19,0.5429,91.643,13,2.43,1.05,36.9,21.3,0,0
Chinese Grand Prix,STR,35,2,HARD,20,0.5714,90.596,10,3.806,2.99,33.7,23.5,0,0
Chinese Grand Prix,STR,36,2,HARD,21,0.6,91.396,10,1.892,3.276,32.6,24.1,0,0
Chinese Grand Prix,STR,37,2,HARD,22,0.6286,91.632,4,2.348,2.237,40.5,20.1,0,0
Chinese Grand Prix,STR,38,2,HARD,23,0.6571,90.953,15,4.532,1.574,33.0,25.0,0,0
Chinese Grand Prix,STR,39,2,HARD,24,0.6857,91.09,6,1.183,1.608,34.4,26.1,0,0
Chinese Grand Prix,STR,40,2,HARD,25,0.7143,91.457,6,4.852,3.251,40.9,23.4,0,1
Chinese Grand Prix,STR,41,2,HARD,26,0.7429,90.925,6,2.747,2.347,31.2,28.9,1,0
Chinese Grand Prix,STR,42,3,MEDIUM,1,0.0286,89.409,9,4.024,4.264,36.8,25.9,0,0
Chinese Grand Prix,STR,43,3,MEDIUM,2,0.0571,89.222,13,3.475,3.63,40.6,26.8,0,0
Chinese Grand Prix,STR,44,3,MEDIUM,3,0.0857,88.886,10,1.206,3.617,31.4,29.4,0,0
Chinese Grand Prix,STR,45,3,MEDIUM,4,0.1143,88.958,6,1.238,2.057,42.3,23.8,0,0
Chinese Grand Prix,STR,46,3,MEDIUM,5,0.1429,89.442,5,0.837,4.948,40.1,27.5,0,0
Chinese Grand Prix,STR,47,3,MEDIUM,6,0.1714,90.125,3,1.174,4.022,38.8,23.8,0,0
Chinese Grand Prix,STR,48,3,MEDIUM,7,0.2,89.812,8,2.667,1.262,40.9,22.4,0,0
Chinese Grand Prix,STR,49,3,MEDIUM,8,0.2286,89.566,7,3.053,1.782,35.7,28.2,0,0
Chinese Grand Prix,STR,50,3,MEDIUM,9,0.2571,89.55,6,2.176,4.055,30.6,24.3,0,0
Chinese Grand Prix,STR,51,3,MEDIUM,10,0.2857,89.377,10,2.209,3.82,32.3,25.0,0,0
Chinese Grand Prix,STR,52,3,MEDIUM,11,0.3143,90.036,17,4.791,3.427,40.1,21.8,0,0
Chinese Grand Prix,STR,53,3,MEDIUM,12,0.3429,90.023,7,2.152,2.619,42.0,24.6,0,0
Chinese Grand Prix,STR,54,3,MEDIUM,13,0.3714,90.268,1,1.467,1.024,43.2,24.4,0,0
Chinese Grand Prix,STR,55,3,MEDIUM,14,0.4,90.171,18,2.62,2.567,39.3,22.6,0,0
Chinese Grand Prix,STR,56,3,MEDIUM,15,0.4286,89.857,1,1.002,1.3,41.8,28.4,0,0
